Date,Low,Open,Volume,High,Close,Adjusted Close
02-03-2015,1.965000033378601,1.965000033378601,0.0,1.965000033378601,1.965000033378601,1.965000033378601
03-03-2015,1.965000033378601,1.965000033378601,0.0,1.965000033378601,1.965000033378601,1.965000033378601
04-03-2015,1.965000033378601,1.965000033378601,0.0,1.965000033378601,1.965000033378601,1.965000033378601
05-03-2015,1.965000033378601,1.965000033378601,0.0,1.965000033378601,1.965000033378601,1.965000033378601
06-03-2015,1.965000033378601,1.965000033378601,0.0,1.965000033378601,1.965000033378601,1.965000033378601
09-03-2015,1.965000033378601,1.965000033378601,0.0,1.965000033378601,1.965000033378601,1.965000033378601
10-03-2015,1.965000033378601,1.965000033378601,0.0,1.965000033378601,1.965000033378601,1.965000033378601
11-03-2015,1.965000033378601,1.965000033378601,0.0,1.965000033378601,1.965000033378601,1.965000033378601
12-03-2015,1.965000033378601,1.965000033378601,0.0,1.965000033378601,1.965000033378601,1.965000033378601
13-03-2015,1.965000033378601,1.965000033378601,0.0,1.965000033378601,1.965000033378601,1.965000033378601
16-03-2015,1.965000033378601,1.965000033378601,0.0,1.965000033378601,1.965000033378601,1.965000033378601
17-03-2015,1.965000033378601,1.965000033378601,0.0,1.965000033378601,1.965000033378601,1.965000033378601
18-03-2015,1.965000033378601,1.965000033378601,0.0,1.965000033378601,1.965000033378601,1.965000033378601
19-03-2015,1.965000033378601,1.965000033378601,0.0,1.965000033378601,1.965000033378601,1.965000033378601
20-03-2015,1.965000033378601,1.965000033378601,0.0,1.965000033378601,1.965000033378601,1.965000033378601
23-03-2015,1.965000033378601,1.965000033378601,0.0,1.965000033378601,1.965000033378601,1.965000033378601
24-03-2015,1.965000033378601,1.965000033378601,0.0,1.965000033378601,1.965000033378601,1.965000033378601
25-03-2015,1.965000033378601,1.965000033378601,0.0,1.965000033378601,1.965000033378601,1.965000033378601
26-03-2015,1.965000033378601,1.965000033378601,0.0,1.965000033378601,1.965000033378601,1.965000033378601
27-03-2015,1.965000033378601,1.965000033378601,0.0,1.965000033378601,1.965000033378601,1.965000033378601
30-03-2015,1.965000033378601,1.965000033378601,0.0,1.965000033378601,1.965000033378601,1.965000033378601
31-03-2015,1.965000033378601,1.965000033378601,0.0,1.965000033378601,1.965000033378601,1.965000033378601
01-04-2015,1.965000033378601,1.965000033378601,0.0,1.965000033378601,1.965000033378601,1.965000033378601
02-04-2015,1.965000033378601,1.965000033378601,0.0,1.965000033378601,1.965000033378601,1.965000033378601
06-04-2015,1.965000033378601,1.965000033378601,0.0,1.965000033378601,1.965000033378601,1.965000033378601
07-04-2015,1.965000033378601,1.965000033378601,0.0,1.965000033378601,1.965000033378601,1.965000033378601
08-04-2015,1.965000033378601,1.965000033378601,0.0,1.965000033378601,1.965000033378601,1.965000033378601
09-04-2015,1.965000033378601,1.965000033378601,0.0,1.965000033378601,1.965000033378601,1.965000033378601
10-04-2015,1.965000033378601,1.965000033378601,0.0,1.965000033378601,1.965000033378601,1.965000033378601
13-04-2015,1.965000033378601,1.965000033378601,0.0,1.965000033378601,1.965000033378601,1.965000033378601
14-04-2015,1.965000033378601,1.965000033378601,0.0,1.965000033378601,1.965000033378601,1.965000033378601
15-04-2015,1.965000033378601,1.965000033378601,0.0,1.965000033378601,1.965000033378601,1.965000033378601
16-04-2015,1.965000033378601,1.965000033378601,0.0,1.965000033378601,1.965000033378601,1.965000033378601
17-04-2015,1.965000033378601,1.965000033378601,0.0,1.965000033378601,1.965000033378601,1.965000033378601
20-04-2015,1.965000033378601,1.965000033378601,0.0,1.965000033378601,1.965000033378601,1.965000033378601
21-04-2015,1.965000033378601,1.965000033378601,0.0,1.965000033378601,1.965000033378601,1.965000033378601
22-04-2015,1.965000033378601,1.965000033378601,0.0,1.965000033378601,1.965000033378601,1.965000033378601
23-04-2015,1.965000033378601,1.965000033378601,0.0,1.965000033378601,1.965000033378601,1.965000033378601
24-04-2015,1.965000033378601,1.965000033378601,0.0,1.965000033378601,1.965000033378601,1.965000033378601
27-04-2015,1.965000033378601,1.965000033378601,0.0,1.965000033378601,1.965000033378601,1.965000033378601
28-04-2015,1.965000033378601,1.965000033378601,0.0,1.965000033378601,1.965000033378601,1.965000033378601
29-04-2015,1.965000033378601,1.965000033378601,0.0,1.965000033378601,1.965000033378601,1.965000033378601
30-04-2015,1.965000033378601,1.965000033378601,0.0,1.965000033378601,1.965000033378601,1.965000033378601
01-05-2015,1.965000033378601,1.965000033378601,0.0,1.965000033378601,1.965000033378601,1.965000033378601
04-05-2015,1.965000033378601,1.965000033378601,0.0,1.965000033378601,1.965000033378601,1.965000033378601
05-05-2015,1.965000033378601,1.965000033378601,0.0,1.965000033378601,1.965000033378601,1.965000033378601
06-05-2015,1.965000033378601,1.965000033378601,0.0,1.965000033378601,1.965000033378601,1.965000033378601
07-05-2015,1.965000033378601,1.965000033378601,0.0,1.965000033378601,1.965000033378601,1.965000033378601
08-05-2015,1.965000033378601,1.965000033378601,0.0,1.965000033378601,1.965000033378601,1.965000033378601
11-05-2015,1.965000033378601,1.965000033378601,0.0,1.965000033378601,1.965000033378601,1.965000033378601
12-05-2015,1.965000033378601,1.965000033378601,0.0,1.965000033378601,1.965000033378601,1.965000033378601
13-05-2015,1.965000033378601,1.965000033378601,0.0,1.965000033378601,1.965000033378601,1.965000033378601
14-05-2015,1.965000033378601,1.965000033378601,0.0,1.965000033378601,1.965000033378601,1.965000033378601
15-05-2015,1.965000033378601,1.965000033378601,0.0,1.965000033378601,1.965000033378601,1.965000033378601
18-05-2015,1.965000033378601,1.965000033378601,0.0,1.965000033378601,1.965000033378601,1.965000033378601
19-05-2015,1.965000033378601,1.965000033378601,0.0,1.965000033378601,1.965000033378601,1.965000033378601
20-05-2015,,,,,,
21-05-2015,1.965000033378601,1.965000033378601,0.0,1.965000033378601,1.965000033378601,1.965000033378601
22-05-2015,1.965000033378601,1.965000033378601,0.0,1.965000033378601,1.965000033378601,1.965000033378601
26-05-2015,1.965000033378601,1.965000033378601,0.0,1.965000033378601,1.965000033378601,1.965000033378601
27-05-2015,1.965000033378601,1.965000033378601,0.0,1.965000033378601,1.965000033378601,1.965000033378601
28-05-2015,1.965000033378601,1.965000033378601,0.0,1.965000033378601,1.965000033378601,1.965000033378601
29-05-2015,1.965000033378601,1.965000033378601,0.0,1.965000033378601,1.965000033378601,1.965000033378601
01-06-2015,,,,,,
02-06-2015,,,,,,
03-06-2015,,,,,,
04-06-2015,,,,,,
05-06-2015,,,,,,
08-06-2015,1.965000033378601,1.965000033378601,0.0,1.965000033378601,1.965000033378601,1.965000033378601
09-06-2015,1.965000033378601,1.965000033378601,0.0,1.965000033378601,1.965000033378601,1.965000033378601
10-06-2015,1.965000033378601,1.965000033378601,0.0,1.965000033378601,1.965000033378601,1.965000033378601
11-06-2015,1.965000033378601,1.965000033378601,0.0,1.965000033378601,1.965000033378601,1.965000033378601
12-06-2015,1.965000033378601,1.965000033378601,0.0,1.965000033378601,1.965000033378601,1.965000033378601
15-06-2015,1.965000033378601,1.965000033378601,0.0,1.965000033378601,1.965000033378601,1.965000033378601
16-06-2015,1.965000033378601,1.965000033378601,0.0,1.965000033378601,1.965000033378601,1.965000033378601
17-06-2015,1.965000033378601,1.965000033378601,0.0,1.965000033378601,1.965000033378601,1.965000033378601
18-06-2015,,,,,,
19-06-2015,,,,,,
22-06-2015,,,,,,
23-06-2015,,,,,,
24-06-2015,,,,,,
25-06-2015,,,,,,
26-06-2015,,,,,,
29-06-2015,,,,,,
30-06-2015,,,,,,
01-07-2015,,,,,,
02-07-2015,,,,,,
06-07-2015,,,,,,
07-07-2015,,,,,,
08-07-2015,,,,,,
09-07-2015,,,,,,
10-07-2015,,,,,,
13-07-2015,,,,,,
14-07-2015,,,,,,
15-07-2015,,,,,,
16-07-2015,,,,,,
17-07-2015,,,,,,
20-07-2015,,,,,,
21-07-2015,,,,,,
22-07-2015,,,,,,
23-07-2015,,,,,,
24-07-2015,,,,,,
27-07-2015,,,,,,
28-07-2015,,,,,,
29-07-2015,,,,,,
30-07-2015,,,,,,
31-07-2015,,,,,,
03-08-2015,,,,,,
04-08-2015,,,,,,
05-08-2015,,,,,,
06-08-2015,,,,,,
07-08-2015,,,,,,
10-08-2015,,,,,,
11-08-2015,,,,,,
12-08-2015,,,,,,
13-08-2015,,,,,,
14-08-2015,,,,,,
17-08-2015,,,,,,
18-08-2015,,,,,,
19-08-2015,,,,,,
20-08-2015,,,,,,
21-08-2015,,,,,,
24-08-2015,,,,,,
25-08-2015,,,,,,
26-08-2015,,,,,,
27-08-2015,,,,,,
28-08-2015,,,,,,
31-08-2015,,,,,,
01-09-2015,,,,,,
02-09-2015,,,,,,
03-09-2015,,,,,,
04-09-2015,,,,,,
08-09-2015,,,,,,
09-09-2015,,,,,,
10-09-2015,,,,,,
11-09-2015,,,,,,
14-09-2015,,,,,,
15-09-2015,,,,,,
16-09-2015,,,,,,
17-09-2015,,,,,,
18-09-2015,,,,,,
21-09-2015,,,,,,
22-09-2015,,,,,,
23-09-2015,,,,,,
24-09-2015,,,,,,
25-09-2015,,,,,,
28-09-2015,,,,,,
29-09-2015,,,,,,
30-09-2015,,,,,,
01-10-2015,,,,,,
02-10-2015,,,,,,
05-10-2015,,,,,,
06-10-2015,,,,,,
07-10-2015,,,,,,
08-10-2015,,,,,,
09-10-2015,,,,,,
12-10-2015,,,,,,
13-10-2015,,,,,,
14-10-2015,,,,,,
15-10-2015,,,,,,
16-10-2015,,,,,,
19-10-2015,,,,,,
20-10-2015,,,,,,
21-10-2015,,,,,,
22-10-2015,,,,,,
23-10-2015,,,,,,
26-10-2015,,,,,,
27-10-2015,,,,,,
28-10-2015,,,,,,
29-10-2015,,,,,,
30-10-2015,,,,,,
02-11-2015,,,,,,
03-11-2015,,,,,,
04-11-2015,,,,,,
05-11-2015,,,,,,
06-11-2015,,,,,,
09-11-2015,,,,,,
10-11-2015,,,,,,
11-11-2015,,,,,,
12-11-2015,,,,,,
13-11-2015,,,,,,
16-11-2015,,,,,,
17-11-2015,,,,,,
18-11-2015,,,,,,
19-11-2015,,,,,,
20-11-2015,,,,,,
23-11-2015,,,,,,
24-11-2015,,,,,,
25-11-2015,,,,,,
27-11-2015,,,,,,
30-11-2015,,,,,,
01-12-2015,,,,,,
02-12-2015,,,,,,
03-12-2015,,,,,,
04-12-2015,,,,,,
07-12-2015,,,,,,
08-12-2015,,,,,,
09-12-2015,,,,,,
10-12-2015,,,,,,
11-12-2015,,,,,,
14-12-2015,,,,,,
15-12-2015,,,,,,
16-12-2015,,,,,,
17-12-2015,,,,,,
18-12-2015,,,,,,
21-12-2015,,,,,,
22-12-2015,,,,,,
23-12-2015,,,,,,
24-12-2015,,,,,,
28-12-2015,,,,,,
29-12-2015,,,,,,
30-12-2015,,,,,,
31-12-2015,,,,,,
04-01-2016,,,,,,
05-01-2016,,,,,,
06-01-2016,,,,,,
07-01-2016,,,,,,
08-01-2016,,,,,,
11-01-2016,,,,,,
12-01-2016,,,,,,
13-01-2016,,,,,,
14-01-2016,,,,,,
15-01-2016,,,,,,
19-01-2016,,,,,,
20-01-2016,,,,,,
21-01-2016,,,,,,
22-01-2016,,,,,,
25-01-2016,,,,,,
26-01-2016,,,,,,
27-01-2016,,,,,,
28-01-2016,,,,,,
29-01-2016,,,,,,
01-02-2016,,,,,,
02-02-2016,,,,,,
03-02-2016,,,,,,
04-02-2016,,,,,,
05-02-2016,,,,,,
08-02-2016,,,,,,
09-02-2016,,,,,,
10-02-2016,,,,,,
11-02-2016,,,,,,
12-02-2016,,,,,,
16-02-2016,,,,,,
17-02-2016,,,,,,
18-02-2016,,,,,,
19-02-2016,,,,,,
22-02-2016,,,,,,
23-02-2016,,,,,,
24-02-2016,,,,,,
25-02-2016,,,,,,
26-02-2016,,,,,,
29-02-2016,,,,,,
01-03-2016,,,,,,
02-03-2016,,,,,,
03-03-2016,,,,,,
04-03-2016,,,,,,
07-03-2016,,,,,,
08-03-2016,,,,,,
09-03-2016,,,,,,
10-03-2016,,,,,,
11-03-2016,,,,,,
14-03-2016,,,,,,
15-03-2016,,,,,,
16-03-2016,,,,,,
17-03-2016,,,,,,
18-03-2016,,,,,,
21-03-2016,,,,,,
22-03-2016,,,,,,
23-03-2016,,,,,,
24-03-2016,,,,,,
28-03-2016,,,,,,
29-03-2016,,,,,,
30-03-2016,,,,,,
31-03-2016,,,,,,
01-04-2016,,,,,,
04-04-2016,,,,,,
05-04-2016,,,,,,
06-04-2016,,,,,,
07-04-2016,,,,,,
08-04-2016,,,,,,
11-04-2016,,,,,,
12-04-2016,,,,,,
13-04-2016,,,,,,
14-04-2016,,,,,,
15-04-2016,,,,,,
18-04-2016,,,,,,
19-04-2016,,,,,,
20-04-2016,,,,,,
21-04-2016,,,,,,
22-04-2016,,,,,,
25-04-2016,,,,,,
26-04-2016,,,,,,
27-04-2016,,,,,,
28-04-2016,,,,,,
29-04-2016,,,,,,
02-05-2016,,,,,,
03-05-2016,,,,,,
04-05-2016,,,,,,
05-05-2016,,,,,,
06-05-2016,,,,,,
09-05-2016,,,,,,
10-05-2016,,,,,,
11-05-2016,,,,,,
12-05-2016,,,,,,
13-05-2016,,,,,,
16-05-2016,,,,,,
17-05-2016,,,,,,
18-05-2016,,,,,,
19-05-2016,,,,,,
20-05-2016,,,,,,
23-05-2016,,,,,,
24-05-2016,,,,,,
25-05-2016,,,,,,
26-05-2016,,,,,,
27-05-2016,,,,,,
31-05-2016,,,,,,
01-06-2016,,,,,,
02-06-2016,,,,,,
03-06-2016,,,,,,
06-06-2016,,,,,,
07-06-2016,,,,,,
08-06-2016,,,,,,
09-06-2016,,,,,,
10-06-2016,,,,,,
13-06-2016,,,,,,
14-06-2016,,,,,,
15-06-2016,,,,,,
16-06-2016,,,,,,
17-06-2016,,,,,,
20-06-2016,,,,,,
21-06-2016,,,,,,
22-06-2016,,,,,,
23-06-2016,,,,,,
24-06-2016,,,,,,
27-06-2016,,,,,,
28-06-2016,,,,,,
29-06-2016,,,,,,
30-06-2016,,,,,,
01-07-2016,,,,,,
05-07-2016,,,,,,
06-07-2016,,,,,,
07-07-2016,,,,,,
08-07-2016,,,,,,
11-07-2016,,,,,,
12-07-2016,,,,,,
13-07-2016,,,,,,
14-07-2016,,,,,,
15-07-2016,,,,,,
18-07-2016,,,,,,
19-07-2016,,,,,,
20-07-2016,,,,,,
21-07-2016,,,,,,
22-07-2016,,,,,,
25-07-2016,,,,,,
26-07-2016,,,,,,
27-07-2016,,,,,,
28-07-2016,,,,,,
29-07-2016,,,,,,
01-08-2016,,,,,,
02-08-2016,,,,,,
03-08-2016,,,,,,
04-08-2016,,,,,,
05-08-2016,,,,,,
08-08-2016,,,,,,
09-08-2016,,,,,,
10-08-2016,,,,,,
11-08-2016,,,,,,
12-08-2016,,,,,,
15-08-2016,,,,,,
16-08-2016,,,,,,
17-08-2016,,,,,,
18-08-2016,,,,,,
19-08-2016,,,,,,
22-08-2016,,,,,,
23-08-2016,,,,,,
24-08-2016,,,,,,
25-08-2016,,,,,,
26-08-2016,,,,,,
29-08-2016,,,,,,
30-08-2016,,,,,,
31-08-2016,,,,,,
01-09-2016,,,,,,
02-09-2016,,,,,,
06-09-2016,,,,,,
07-09-2016,,,,,,
08-09-2016,,,,,,
09-09-2016,,,,,,
12-09-2016,,,,,,
13-09-2016,,,,,,
14-09-2016,,,,,,
15-09-2016,,,,,,
16-09-2016,,,,,,
19-09-2016,,,,,,
20-09-2016,,,,,,
21-09-2016,,,,,,
22-09-2016,,,,,,
23-09-2016,,,,,,
26-09-2016,,,,,,
27-09-2016,,,,,,
28-09-2016,,,,,,
29-09-2016,,,,,,
30-09-2016,,,,,,
03-10-2016,,,,,,
04-10-2016,,,,,,
05-10-2016,,,,,,
06-10-2016,,,,,,
07-10-2016,,,,,,
10-10-2016,,,,,,
11-10-2016,,,,,,
12-10-2016,,,,,,
13-10-2016,,,,,,
14-10-2016,,,,,,
17-10-2016,,,,,,
18-10-2016,,,,,,
19-10-2016,,,,,,
20-10-2016,,,,,,
21-10-2016,,,,,,
24-10-2016,,,,,,
25-10-2016,,,,,,
26-10-2016,,,,,,
27-10-2016,,,,,,
28-10-2016,,,,,,
31-10-2016,,,,,,
01-11-2016,,,,,,
02-11-2016,,,,,,
03-11-2016,,,,,,
04-11-2016,,,,,,
07-11-2016,,,,,,
08-11-2016,,,,,,
09-11-2016,,,,,,
10-11-2016,,,,,,
11-11-2016,,,,,,
14-11-2016,,,,,,
15-11-2016,,,,,,
16-11-2016,,,,,,
17-11-2016,,,,,,
18-11-2016,,,,,,
21-11-2016,,,,,,
22-11-2016,,,,,,
23-11-2016,,,,,,
25-11-2016,,,,,,
28-11-2016,,,,,,
29-11-2016,,,,,,
30-11-2016,,,,,,
01-12-2016,,,,,,
02-12-2016,,,,,,
05-12-2016,,,,,,
06-12-2016,,,,,,
07-12-2016,,,,,,
08-12-2016,,,,,,
09-12-2016,,,,,,
12-12-2016,,,,,,
13-12-2016,,,,,,
14-12-2016,,,,,,
15-12-2016,,,,,,
16-12-2016,,,,,,
19-12-2016,,,,,,
20-12-2016,,,,,,
21-12-2016,,,,,,
22-12-2016,,,,,,
23-12-2016,,,,,,
27-12-2016,,,,,,
28-12-2016,,,,,,
29-12-2016,,,,,,
30-12-2016,,,,,,
03-01-2017,,,,,,
04-01-2017,,,,,,
05-01-2017,,,,,,
06-01-2017,,,,,,
09-01-2017,,,,,,
10-01-2017,,,,,,
11-01-2017,,,,,,
12-01-2017,,,,,,
13-01-2017,,,,,,
17-01-2017,,,,,,
18-01-2017,,,,,,
19-01-2017,,,,,,
20-01-2017,,,,,,
23-01-2017,,,,,,
24-01-2017,,,,,,
25-01-2017,,,,,,
26-01-2017,,,,,,
27-01-2017,,,,,,
30-01-2017,,,,,,
31-01-2017,,,,,,
01-02-2017,,,,,,
02-02-2017,,,,,,
03-02-2017,,,,,,
06-02-2017,,,,,,
07-02-2017,,,,,,
08-02-2017,,,,,,
09-02-2017,,,,,,
10-02-2017,,,,,,
13-02-2017,,,,,,
14-02-2017,,,,,,
15-02-2017,,,,,,
16-02-2017,,,,,,
17-02-2017,,,,,,
21-02-2017,,,,,,
22-02-2017,,,,,,
23-02-2017,,,,,,
24-02-2017,,,,,,
27-02-2017,,,,,,
28-02-2017,,,,,,
01-03-2017,,,,,,
02-03-2017,,,,,,
03-03-2017,,,,,,
06-03-2017,,,,,,
07-03-2017,,,,,,
08-03-2017,,,,,,
09-03-2017,,,,,,
10-03-2017,,,,,,
13-03-2017,,,,,,
14-03-2017,,,,,,
15-03-2017,,,,,,
16-03-2017,,,,,,
17-03-2017,,,,,,
20-03-2017,,,,,,
21-03-2017,,,,,,
22-03-2017,,,,,,
23-03-2017,,,,,,
24-03-2017,,,,,,
27-03-2017,,,,,,
28-03-2017,,,,,,
29-03-2017,,,,,,
30-03-2017,,,,,,
31-03-2017,,,,,,
03-04-2017,,,,,,
04-04-2017,,,,,,
05-04-2017,,,,,,
06-04-2017,,,,,,
07-04-2017,,,,,,
10-04-2017,,,,,,
11-04-2017,,,,,,
12-04-2017,,,,,,
13-04-2017,,,,,,
17-04-2017,,,,,,
18-04-2017,,,,,,
19-04-2017,,,,,,
20-04-2017,,,,,,
21-04-2017,,,,,,
24-04-2017,,,,,,
25-04-2017,,,,,,
26-04-2017,,,,,,
27-04-2017,,,,,,
28-04-2017,,,,,,
01-05-2017,,,,,,
02-05-2017,,,,,,
03-05-2017,,,,,,
04-05-2017,,,,,,
05-05-2017,,,,,,
08-05-2017,,,,,,
09-05-2017,,,,,,
10-05-2017,,,,,,
11-05-2017,,,,,,
12-05-2017,,,,,,
15-05-2017,,,,,,
16-05-2017,,,,,,
17-05-2017,,,,,,
18-05-2017,,,,,,
19-05-2017,,,,,,
22-05-2017,,,,,,
23-05-2017,,,,,,
24-05-2017,,,,,,
25-05-2017,,,,,,
26-05-2017,,,,,,
30-05-2017,,,,,,
31-05-2017,,,,,,
01-06-2017,,,,,,
02-06-2017,,,,,,
05-06-2017,,,,,,
06-06-2017,,,,,,
07-06-2017,,,,,,
08-06-2017,,,,,,
09-06-2017,,,,,,
12-06-2017,,,,,,
13-06-2017,,,,,,
14-06-2017,,,,,,
15-06-2017,,,,,,
16-06-2017,,,,,,
19-06-2017,,,,,,
20-06-2017,,,,,,
21-06-2017,,,,,,
22-06-2017,,,,,,
23-06-2017,,,,,,
26-06-2017,,,,,,
27-06-2017,,,,,,
28-06-2017,,,,,,
29-06-2017,,,,,,
30-06-2017,,,,,,
03-07-2017,,,,,,
05-07-2017,,,,,,
06-07-2017,,,,,,
07-07-2017,,,,,,
10-07-2017,,,,,,
11-07-2017,,,,,,
12-07-2017,,,,,,
13-07-2017,,,,,,
14-07-2017,,,,,,
17-07-2017,,,,,,
18-07-2017,,,,,,
19-07-2017,,,,,,
20-07-2017,,,,,,
21-07-2017,,,,,,
24-07-2017,,,,,,
25-07-2017,,,,,,
26-07-2017,,,,,,
27-07-2017,,,,,,
28-07-2017,,,,,,
31-07-2017,,,,,,
01-08-2017,,,,,,
02-08-2017,,,,,,
03-08-2017,,,,,,
04-08-2017,,,,,,
07-08-2017,,,,,,
08-08-2017,,,,,,
09-08-2017,,,,,,
10-08-2017,,,,,,
11-08-2017,,,,,,
14-08-2017,,,,,,
15-08-2017,,,,,,
16-08-2017,,,,,,
17-08-2017,,,,,,
18-08-2017,,,,,,
21-08-2017,,,,,,
22-08-2017,,,,,,
23-08-2017,,,,,,
24-08-2017,,,,,,
25-08-2017,,,,,,
28-08-2017,,,,,,
29-08-2017,,,,,,
30-08-2017,,,,,,
31-08-2017,,,,,,
01-09-2017,,,,,,
05-09-2017,,,,,,
06-09-2017,,,,,,
07-09-2017,,,,,,
08-09-2017,,,,,,
11-09-2017,,,,,,
12-09-2017,,,,,,
13-09-2017,,,,,,
14-09-2017,,,,,,
15-09-2017,,,,,,
18-09-2017,,,,,,
19-09-2017,,,,,,
20-09-2017,,,,,,
21-09-2017,,,,,,
22-09-2017,,,,,,
25-09-2017,,,,,,
26-09-2017,,,,,,
27-09-2017,,,,,,
28-09-2017,,,,,,
29-09-2017,,,,,,
02-10-2017,,,,,,
03-10-2017,,,,,,
04-10-2017,,,,,,
05-10-2017,,,,,,
06-10-2017,,,,,,
09-10-2017,,,,,,
10-10-2017,,,,,,
11-10-2017,,,,,,
12-10-2017,,,,,,
13-10-2017,,,,,,
16-10-2017,,,,,,
17-10-2017,,,,,,
18-10-2017,,,,,,
19-10-2017,,,,,,
20-10-2017,,,,,,
23-10-2017,,,,,,
24-10-2017,,,,,,
25-10-2017,,,,,,
26-10-2017,,,,,,
27-10-2017,,,,,,
30-10-2017,,,,,,
31-10-2017,,,,,,
01-11-2017,,,,,,
02-11-2017,,,,,,
03-11-2017,,,,,,
06-11-2017,,,,,,
07-11-2017,,,,,,
08-11-2017,,,,,,
09-11-2017,,,,,,
10-11-2017,,,,,,
13-11-2017,,,,,,
14-11-2017,,,,,,
15-11-2017,,,,,,
16-11-2017,,,,,,
17-11-2017,,,,,,
20-11-2017,,,,,,
21-11-2017,,,,,,
22-11-2017,,,,,,
24-11-2017,,,,,,
27-11-2017,,,,,,
28-11-2017,,,,,,
29-11-2017,,,,,,
30-11-2017,,,,,,
01-12-2017,,,,,,
04-12-2017,,,,,,
05-12-2017,,,,,,
06-12-2017,,,,,,
07-12-2017,,,,,,
08-12-2017,,,,,,
11-12-2017,,,,,,
12-12-2017,,,,,,
13-12-2017,,,,,,
14-12-2017,,,,,,
15-12-2017,,,,,,
18-12-2017,,,,,,
19-12-2017,,,,,,
20-12-2017,,,,,,
21-12-2017,,,,,,
22-12-2017,,,,,,
26-12-2017,,,,,,
27-12-2017,,,,,,
28-12-2017,,,,,,
29-12-2017,,,,,,
02-01-2018,,,,,,
03-01-2018,,,,,,
04-01-2018,,,,,,
05-01-2018,,,,,,
08-01-2018,,,,,,
09-01-2018,,,,,,
10-01-2018,,,,,,
11-01-2018,,,,,,
12-01-2018,,,,,,
16-01-2018,,,,,,
17-01-2018,,,,,,
18-01-2018,,,,,,
19-01-2018,,,,,,
22-01-2018,,,,,,
23-01-2018,,,,,,
24-01-2018,,,,,,
25-01-2018,,,,,,
26-01-2018,,,,,,
29-01-2018,,,,,,
30-01-2018,,,,,,
31-01-2018,,,,,,
01-02-2018,,,,,,
02-02-2018,,,,,,
05-02-2018,,,,,,
06-02-2018,,,,,,
07-02-2018,,,,,,
08-02-2018,,,,,,
09-02-2018,,,,,,
12-02-2018,,,,,,
13-02-2018,,,,,,
14-02-2018,,,,,,
15-02-2018,,,,,,
16-02-2018,,,,,,
20-02-2018,,,,,,
21-02-2018,,,,,,
22-02-2018,,,,,,
23-02-2018,,,,,,
26-02-2018,,,,,,
27-02-2018,,,,,,
28-02-2018,,,,,,
01-03-2018,,,,,,
02-03-2018,,,,,,
05-03-2018,,,,,,
06-03-2018,,,,,,
07-03-2018,,,,,,
08-03-2018,,,,,,
09-03-2018,,,,,,
12-03-2018,,,,,,
13-03-2018,,,,,,
14-03-2018,,,,,,
15-03-2018,,,,,,
16-03-2018,,,,,,
19-03-2018,,,,,,
20-03-2018,,,,,,
21-03-2018,,,,,,
22-03-2018,,,,,,
23-03-2018,,,,,,
26-03-2018,,,,,,
27-03-2018,,,,,,
28-03-2018,,,,,,
29-03-2018,,,,,,
02-04-2018,,,,,,
03-04-2018,,,,,,
04-04-2018,,,,,,
05-04-2018,,,,,,
06-04-2018,,,,,,
09-04-2018,,,,,,
10-04-2018,,,,,,
11-04-2018,,,,,,
12-04-2018,,,,,,
13-04-2018,,,,,,
16-04-2018,,,,,,
17-04-2018,,,,,,
18-04-2018,,,,,,
19-04-2018,,,,,,
20-04-2018,,,,,,
23-04-2018,,,,,,
24-04-2018,,,,,,
25-04-2018,,,,,,
26-04-2018,,,,,,
27-04-2018,,,,,,
30-04-2018,,,,,,
01-05-2018,,,,,,
02-05-2018,,,,,,
03-05-2018,,,,,,
04-05-2018,,,,,,
07-05-2018,,,,,,
08-05-2018,,,,,,
09-05-2018,,,,,,
10-05-2018,,,,,,
11-05-2018,,,,,,
14-05-2018,,,,,,
15-05-2018,,,,,,
16-05-2018,,,,,,
17-05-2018,,,,,,
18-05-2018,,,,,,
21-05-2018,,,,,,
22-05-2018,,,,,,
23-05-2018,,,,,,
24-05-2018,,,,,,
25-05-2018,,,,,,
29-05-2018,,,,,,
30-05-2018,,,,,,
31-05-2018,,,,,,
01-06-2018,,,,,,
04-06-2018,,,,,,
05-06-2018,,,,,,
06-06-2018,,,,,,
07-06-2018,,,,,,
08-06-2018,,,,,,
11-06-2018,,,,,,
12-06-2018,,,,,,
13-06-2018,,,,,,
14-06-2018,,,,,,
15-06-2018,,,,,,
18-06-2018,,,,,,
19-06-2018,,,,,,
20-06-2018,,,,,,
21-06-2018,,,,,,
22-06-2018,,,,,,
25-06-2018,,,,,,
26-06-2018,,,,,,
27-06-2018,,,,,,
28-06-2018,,,,,,
29-06-2018,,,,,,
02-07-2018,,,,,,
03-07-2018,,,,,,
05-07-2018,,,,,,
06-07-2018,,,,,,
09-07-2018,,,,,,
10-07-2018,,,,,,
11-07-2018,,,,,,
12-07-2018,,,,,,
13-07-2018,,,,,,
16-07-2018,,,,,,
17-07-2018,,,,,,
18-07-2018,,,,,,
19-07-2018,,,,,,
20-07-2018,,,,,,
23-07-2018,,,,,,
24-07-2018,,,,,,
25-07-2018,,,,,,
26-07-2018,,,,,,
27-07-2018,,,,,,
30-07-2018,,,,,,
31-07-2018,,,,,,
01-08-2018,,,,,,
02-08-2018,,,,,,
03-08-2018,,,,,,
06-08-2018,,,,,,
07-08-2018,,,,,,
08-08-2018,,,,,,
09-08-2018,,,,,,
10-08-2018,,,,,,
13-08-2018,,,,,,
14-08-2018,,,,,,
15-08-2018,,,,,,
16-08-2018,,,,,,
17-08-2018,,,,,,
20-08-2018,,,,,,
21-08-2018,,,,,,
22-08-2018,,,,,,
23-08-2018,,,,,,
24-08-2018,,,,,,
27-08-2018,,,,,,
28-08-2018,,,,,,
29-08-2018,,,,,,
30-08-2018,,,,,,
31-08-2018,,,,,,
04-09-2018,,,,,,
05-09-2018,,,,,,
06-09-2018,,,,,,
07-09-2018,,,,,,
10-09-2018,,,,,,
11-09-2018,,,,,,
12-09-2018,,,,,,
13-09-2018,,,,,,
14-09-2018,,,,,,
17-09-2018,,,,,,
18-09-2018,,,,,,
19-09-2018,,,,,,
20-09-2018,,,,,,
21-09-2018,,,,,,
24-09-2018,,,,,,
25-09-2018,,,,,,
26-09-2018,,,,,,
27-09-2018,,,,,,
28-09-2018,,,,,,
01-10-2018,,,,,,
02-10-2018,,,,,,
03-10-2018,,,,,,
04-10-2018,,,,,,
05-10-2018,,,,,,
08-10-2018,,,,,,
09-10-2018,,,,,,
10-10-2018,,,,,,
11-10-2018,,,,,,
12-10-2018,,,,,,
15-10-2018,,,,,,
16-10-2018,,,,,,
17-10-2018,,,,,,
18-10-2018,,,,,,
19-10-2018,,,,,,
22-10-2018,,,,,,
23-10-2018,,,,,,
24-10-2018,,,,,,
25-10-2018,,,,,,
26-10-2018,,,,,,
29-10-2018,,,,,,
30-10-2018,,,,,,
31-10-2018,,,,,,
01-11-2018,,,,,,
02-11-2018,,,,,,
05-11-2018,,,,,,
06-11-2018,,,,,,
07-11-2018,,,,,,
08-11-2018,,,,,,
09-11-2018,,,,,,
12-11-2018,,,,,,
13-11-2018,,,,,,
14-11-2018,,,,,,
15-11-2018,,,,,,
16-11-2018,,,,,,
19-11-2018,,,,,,
20-11-2018,,,,,,
21-11-2018,,,,,,
23-11-2018,,,,,,
26-11-2018,,,,,,
27-11-2018,,,,,,
28-11-2018,,,,,,
29-11-2018,,,,,,
30-11-2018,,,,,,
03-12-2018,,,,,,
04-12-2018,,,,,,
06-12-2018,,,,,,
07-12-2018,,,,,,
10-12-2018,,,,,,
11-12-2018,,,,,,
12-12-2018,,,,,,
13-12-2018,,,,,,
14-12-2018,,,,,,
17-12-2018,,,,,,
18-12-2018,,,,,,
19-12-2018,,,,,,
20-12-2018,,,,,,
21-12-2018,,,,,,
24-12-2018,,,,,,
26-12-2018,,,,,,
27-12-2018,,,,,,
28-12-2018,,,,,,
31-12-2018,,,,,,
02-01-2019,,,,,,
03-01-2019,,,,,,
04-01-2019,,,,,,
07-01-2019,,,,,,
08-01-2019,,,,,,
09-01-2019,,,,,,
10-01-2019,,,,,,
11-01-2019,,,,,,
14-01-2019,,,,,,
15-01-2019,,,,,,
16-01-2019,,,,,,
17-01-2019,,,,,,
18-01-2019,,,,,,
22-01-2019,,,,,,
23-01-2019,,,,,,
24-01-2019,,,,,,
25-01-2019,,,,,,
28-01-2019,,,,,,
29-01-2019,,,,,,
30-01-2019,,,,,,
31-01-2019,,,,,,
01-02-2019,,,,,,
04-02-2019,,,,,,
05-02-2019,,,,,,
06-02-2019,,,,,,
07-02-2019,,,,,,
08-02-2019,,,,,,
11-02-2019,,,,,,
12-02-2019,,,,,,
13-02-2019,,,,,,
14-02-2019,,,,,,
15-02-2019,,,,,,
19-02-2019,,,,,,
20-02-2019,,,,,,
21-02-2019,,,,,,
22-02-2019,,,,,,
25-02-2019,,,,,,
26-02-2019,,,,,,
27-02-2019,,,,,,
28-02-2019,,,,,,
01-03-2019,,,,,,
04-03-2019,,,,,,
05-03-2019,,,,,,
06-03-2019,,,,,,
07-03-2019,,,,,,
08-03-2019,,,,,,
11-03-2019,,,,,,
12-03-2019,,,,,,
13-03-2019,,,,,,
14-03-2019,,,,,,
15-03-2019,,,,,,
18-03-2019,,,,,,
19-03-2019,,,,,,
20-03-2019,,,,,,
21-03-2019,,,,,,
22-03-2019,,,,,,
25-03-2019,,,,,,
26-03-2019,,,,,,
27-03-2019,,,,,,
28-03-2019,,,,,,
29-03-2019,,,,,,
01-04-2019,,,,,,
02-04-2019,,,,,,
03-04-2019,,,,,,
04-04-2019,,,,,,
05-04-2019,,,,,,
08-04-2019,,,,,,
09-04-2019,,,,,,
10-04-2019,,,,,,
11-04-2019,,,,,,
12-04-2019,,,,,,
15-04-2019,,,,,,
16-04-2019,,,,,,
17-04-2019,,,,,,
18-04-2019,,,,,,
22-04-2019,,,,,,
23-04-2019,,,,,,
24-04-2019,,,,,,
25-04-2019,,,,,,
26-04-2019,,,,,,
29-04-2019,,,,,,
30-04-2019,,,,,,
01-05-2019,,,,,,
02-05-2019,,,,,,
03-05-2019,,,,,,
06-05-2019,,,,,,
07-05-2019,,,,,,
08-05-2019,,,,,,
09-05-2019,,,,,,
10-05-2019,,,,,,
13-05-2019,,,,,,
14-05-2019,,,,,,
15-05-2019,,,,,,
16-05-2019,,,,,,
17-05-2019,,,,,,
20-05-2019,,,,,,
21-05-2019,,,,,,
22-05-2019,,,,,,
23-05-2019,,,,,,
24-05-2019,,,,,,
28-05-2019,,,,,,
29-05-2019,,,,,,
30-05-2019,,,,,,
31-05-2019,,,,,,
03-06-2019,,,,,,
04-06-2019,,,,,,
05-06-2019,,,,,,
06-06-2019,,,,,,
07-06-2019,,,,,,
10-06-2019,,,,,,
11-06-2019,,,,,,
12-06-2019,,,,,,
13-06-2019,,,,,,
14-06-2019,,,,,,
17-06-2019,,,,,,
18-06-2019,,,,,,
19-06-2019,,,,,,
20-06-2019,,,,,,
21-06-2019,,,,,,
24-06-2019,,,,,,
25-06-2019,,,,,,
26-06-2019,,,,,,
27-06-2019,,,,,,
28-06-2019,,,,,,
01-07-2019,,,,,,
02-07-2019,,,,,,
03-07-2019,,,,,,
05-07-2019,,,,,,
08-07-2019,,,,,,
09-07-2019,,,,,,
10-07-2019,,,,,,
11-07-2019,,,,,,
12-07-2019,,,,,,
15-07-2019,,,,,,
16-07-2019,,,,,,
17-07-2019,,,,,,
18-07-2019,,,,,,
19-07-2019,,,,,,
22-07-2019,,,,,,
23-07-2019,,,,,,
24-07-2019,,,,,,
25-07-2019,,,,,,
26-07-2019,,,,,,
29-07-2019,,,,,,
30-07-2019,,,,,,
31-07-2019,,,,,,
01-08-2019,,,,,,
02-08-2019,,,,,,
05-08-2019,,,,,,
06-08-2019,,,,,,
07-08-2019,,,,,,
08-08-2019,,,,,,
09-08-2019,,,,,,
12-08-2019,,,,,,
13-08-2019,,,,,,
14-08-2019,,,,,,
15-08-2019,,,,,,
16-08-2019,,,,,,
19-08-2019,,,,,,
20-08-2019,,,,,,
21-08-2019,,,,,,
22-08-2019,,,,,,
23-08-2019,,,,,,
26-08-2019,,,,,,
27-08-2019,,,,,,
28-08-2019,,,,,,
29-08-2019,,,,,,
30-08-2019,,,,,,
03-09-2019,,,,,,
04-09-2019,,,,,,
05-09-2019,,,,,,
06-09-2019,,,,,,
09-09-2019,,,,,,
10-09-2019,,,,,,
11-09-2019,,,,,,
12-09-2019,,,,,,
13-09-2019,,,,,,
16-09-2019,,,,,,
17-09-2019,,,,,,
18-09-2019,,,,,,
19-09-2019,,,,,,
20-09-2019,,,,,,
23-09-2019,,,,,,
24-09-2019,,,,,,
25-09-2019,,,,,,
26-09-2019,,,,,,
27-09-2019,,,,,,
30-09-2019,,,,,,
01-10-2019,,,,,,
02-10-2019,,,,,,
03-10-2019,,,,,,
04-10-2019,,,,,,
07-10-2019,,,,,,
08-10-2019,,,,,,
09-10-2019,,,,,,
10-10-2019,,,,,,
11-10-2019,,,,,,
14-10-2019,,,,,,
15-10-2019,,,,,,
16-10-2019,,,,,,
17-10-2019,,,,,,
18-10-2019,,,,,,
21-10-2019,,,,,,
22-10-2019,,,,,,
23-10-2019,,,,,,
24-10-2019,,,,,,
25-10-2019,,,,,,
28-10-2019,,,,,,
29-10-2019,,,,,,
30-10-2019,,,,,,
31-10-2019,,,,,,
01-11-2019,,,,,,
04-11-2019,,,,,,
05-11-2019,,,,,,
06-11-2019,,,,,,
07-11-2019,,,,,,
08-11-2019,,,,,,
11-11-2019,,,,,,
12-11-2019,,,,,,
13-11-2019,,,,,,
14-11-2019,,,,,,
15-11-2019,,,,,,
18-11-2019,,,,,,
19-11-2019,,,,,,
20-11-2019,,,,,,
21-11-2019,,,,,,
22-11-2019,,,,,,
25-11-2019,,,,,,
26-11-2019,,,,,,
27-11-2019,,,,,,
29-11-2019,,,,,,
02-12-2019,,,,,,
03-12-2019,,,,,,
04-12-2019,,,,,,
05-12-2019,,,,,,
06-12-2019,,,,,,
09-12-2019,,,,,,
10-12-2019,,,,,,
11-12-2019,,,,,,
12-12-2019,,,,,,
13-12-2019,,,,,,
16-12-2019,,,,,,
17-12-2019,,,,,,
18-12-2019,,,,,,
19-12-2019,,,,,,
20-12-2019,,,,,,
23-12-2019,,,,,,
24-12-2019,,,,,,
26-12-2019,,,,,,
27-12-2019,,,,,,
30-12-2019,,,,,,
31-12-2019,,,,,,
02-01-2020,,,,,,
03-01-2020,,,,,,
06-01-2020,,,,,,
07-01-2020,,,,,,
08-01-2020,,,,,,
09-01-2020,,,,,,
10-01-2020,,,,,,
13-01-2020,,,,,,
14-01-2020,,,,,,
15-01-2020,,,,,,
16-01-2020,,,,,,
17-01-2020,,,,,,
21-01-2020,,,,,,
22-01-2020,,,,,,
23-01-2020,,,,,,
24-01-2020,,,,,,
27-01-2020,,,,,,
28-01-2020,,,,,,
29-01-2020,,,,,,
30-01-2020,,,,,,
31-01-2020,,,,,,
03-02-2020,,,,,,
04-02-2020,,,,,,
05-02-2020,,,,,,
06-02-2020,,,,,,
07-02-2020,,,,,,
10-02-2020,,,,,,
11-02-2020,,,,,,
12-02-2020,,,,,,
13-02-2020,,,,,,
14-02-2020,,,,,,
18-02-2020,,,,,,
19-02-2020,,,,,,
20-02-2020,,,,,,
21-02-2020,,,,,,
24-02-2020,,,,,,
25-02-2020,,,,,,
26-02-2020,,,,,,
27-02-2020,,,,,,
28-02-2020,,,,,,
02-03-2020,,,,,,
03-03-2020,,,,,,
04-03-2020,,,,,,
05-03-2020,,,,,,
06-03-2020,,,,,,
09-03-2020,,,,,,
10-03-2020,,,,,,
11-03-2020,,,,,,
12-03-2020,,,,,,
13-03-2020,,,,,,
16-03-2020,,,,,,
17-03-2020,,,,,,
18-03-2020,,,,,,
19-03-2020,,,,,,
20-03-2020,,,,,,
23-03-2020,,,,,,
24-03-2020,,,,,,
25-03-2020,,,,,,
26-03-2020,,,,,,
27-03-2020,,,,,,
30-03-2020,,,,,,
31-03-2020,,,,,,
01-04-2020,,,,,,
02-04-2020,,,,,,
03-04-2020,,,,,,
06-04-2020,,,,,,
07-04-2020,,,,,,
08-04-2020,,,,,,
09-04-2020,,,,,,
13-04-2020,,,,,,
14-04-2020,,,,,,
15-04-2020,,,,,,
16-04-2020,,,,,,
17-04-2020,,,,,,
20-04-2020,,,,,,
21-04-2020,,,,,,
22-04-2020,,,,,,
23-04-2020,,,,,,
24-04-2020,,,,,,
27-04-2020,,,,,,
28-04-2020,,,,,,
29-04-2020,,,,,,
30-04-2020,,,,,,
01-05-2020,,,,,,
04-05-2020,,,,,,
05-05-2020,,,,,,
06-05-2020,,,,,,
07-05-2020,,,,,,
08-05-2020,,,,,,
11-05-2020,,,,,,
12-05-2020,,,,,,
13-05-2020,,,,,,
14-05-2020,,,,,,
15-05-2020,,,,,,
18-05-2020,,,,,,
19-05-2020,,,,,,
20-05-2020,,,,,,
21-05-2020,,,,,,
22-05-2020,,,,,,
26-05-2020,,,,,,
27-05-2020,,,,,,
28-05-2020,,,,,,
29-05-2020,,,,,,
01-06-2020,,,,,,
02-06-2020,,,,,,
03-06-2020,,,,,,
04-06-2020,,,,,,
05-06-2020,,,,,,
08-06-2020,,,,,,
09-06-2020,,,,,,
10-06-2020,,,,,,
11-06-2020,,,,,,
12-06-2020,,,,,,
15-06-2020,,,,,,
16-06-2020,,,,,,
17-06-2020,,,,,,
18-06-2020,,,,,,
19-06-2020,,,,,,
22-06-2020,,,,,,
23-06-2020,,,,,,
24-06-2020,,,,,,
25-06-2020,,,,,,
26-06-2020,,,,,,
29-06-2020,,,,,,
30-06-2020,,,,,,
01-07-2020,,,,,,
02-07-2020,,,,,,
06-07-2020,,,,,,
07-07-2020,,,,,,
08-07-2020,,,,,,
09-07-2020,,,,,,
10-07-2020,,,,,,
13-07-2020,,,,,,
14-07-2020,,,,,,
15-07-2020,,,,,,
16-07-2020,,,,,,
17-07-2020,,,,,,
20-07-2020,,,,,,
21-07-2020,,,,,,
22-07-2020,,,,,,
23-07-2020,,,,,,
24-07-2020,,,,,,
27-07-2020,,,,,,
28-07-2020,,,,,,
29-07-2020,,,,,,
30-07-2020,,,,,,
31-07-2020,,,,,,
03-08-2020,,,,,,
04-08-2020,,,,,,
05-08-2020,,,,,,
06-08-2020,,,,,,
07-08-2020,,,,,,
10-08-2020,,,,,,
11-08-2020,,,,,,
12-08-2020,,,,,,
13-08-2020,,,,,,
14-08-2020,,,,,,
17-08-2020,,,,,,
18-08-2020,,,,,,
19-08-2020,,,,,,
20-08-2020,,,,,,
21-08-2020,,,,,,
24-08-2020,,,,,,
25-08-2020,,,,,,
26-08-2020,,,,,,
27-08-2020,,,,,,
28-08-2020,,,,,,
31-08-2020,,,,,,
01-09-2020,,,,,,
02-09-2020,,,,,,
03-09-2020,,,,,,
04-09-2020,,,,,,
08-09-2020,,,,,,
09-09-2020,,,,,,
10-09-2020,,,,,,
11-09-2020,,,,,,
14-09-2020,,,,,,
15-09-2020,,,,,,
16-09-2020,,,,,,
17-09-2020,,,,,,
18-09-2020,,,,,,
21-09-2020,,,,,,
22-09-2020,,,,,,
23-09-2020,,,,,,
24-09-2020,,,,,,
25-09-2020,,,,,,
28-09-2020,,,,,,
29-09-2020,,,,,,
30-09-2020,,,,,,
01-10-2020,,,,,,
02-10-2020,,,,,,
05-10-2020,,,,,,
06-10-2020,,,,,,
07-10-2020,,,,,,
08-10-2020,,,,,,
09-10-2020,,,,,,
12-10-2020,,,,,,
13-10-2020,,,,,,
14-10-2020,,,,,,
15-10-2020,,,,,,
16-10-2020,,,,,,
19-10-2020,,,,,,
20-10-2020,,,,,,
21-10-2020,,,,,,
22-10-2020,,,,,,
23-10-2020,,,,,,
26-10-2020,,,,,,
27-10-2020,,,,,,
28-10-2020,,,,,,
29-10-2020,,,,,,
30-10-2020,,,,,,
02-11-2020,,,,,,
03-11-2020,,,,,,
04-11-2020,,,,,,
05-11-2020,,,,,,
06-11-2020,,,,,,
09-11-2020,,,,,,
10-11-2020,,,,,,
11-11-2020,,,,,,
12-11-2020,,,,,,
13-11-2020,,,,,,
16-11-2020,,,,,,
17-11-2020,,,,,,
18-11-2020,,,,,,
19-11-2020,,,,,,
20-11-2020,,,,,,
23-11-2020,,,,,,
24-11-2020,,,,,,
25-11-2020,,,,,,
27-11-2020,,,,,,
30-11-2020,,,,,,
01-12-2020,,,,,,
02-12-2020,,,,,,
03-12-2020,,,,,,
04-12-2020,,,,,,
07-12-2020,,,,,,
08-12-2020,,,,,,
09-12-2020,,,,,,
10-12-2020,,,,,,
11-12-2020,,,,,,
14-12-2020,,,,,,
15-12-2020,,,,,,
16-12-2020,,,,,,
17-12-2020,,,,,,
18-12-2020,,,,,,
21-12-2020,,,,,,
22-12-2020,,,,,,
23-12-2020,,,,,,
24-12-2020,,,,,,
28-12-2020,,,,,,
29-12-2020,,,,,,
30-12-2020,,,,,,
31-12-2020,,,,,,
04-01-2021,,,,,,
05-01-2021,,,,,,
06-01-2021,,,,,,
07-01-2021,,,,,,
08-01-2021,,,,,,
11-01-2021,,,,,,
12-01-2021,,,,,,
13-01-2021,,,,,,
14-01-2021,,,,,,
15-01-2021,,,,,,
19-01-2021,,,,,,
20-01-2021,,,,,,
21-01-2021,,,,,,
22-01-2021,,,,,,
25-01-2021,,,,,,
26-01-2021,,,,,,
27-01-2021,,,,,,
28-01-2021,,,,,,
29-01-2021,,,,,,
01-02-2021,,,,,,
02-02-2021,,,,,,
03-02-2021,,,,,,
04-02-2021,,,,,,
05-02-2021,,,,,,
08-02-2021,,,,,,
09-02-2021,,,,,,
10-02-2021,,,,,,
11-02-2021,,,,,,
12-02-2021,,,,,,
16-02-2021,,,,,,
17-02-2021,,,,,,
18-02-2021,,,,,,
19-02-2021,,,,,,
22-02-2021,,,,,,
23-02-2021,,,,,,
24-02-2021,,,,,,
25-02-2021,,,,,,
26-02-2021,,,,,,
01-03-2021,,,,,,
02-03-2021,,,,,,
03-03-2021,,,,,,
04-03-2021,,,,,,
05-03-2021,,,,,,
08-03-2021,,,,,,
09-03-2021,,,,,,
10-03-2021,,,,,,
11-03-2021,,,,,,
12-03-2021,,,,,,
15-03-2021,,,,,,
16-03-2021,,,,,,
17-03-2021,,,,,,
18-03-2021,,,,,,
19-03-2021,,,,,,
22-03-2021,,,,,,
23-03-2021,,,,,,
24-03-2021,,,,,,
25-03-2021,,,,,,
26-03-2021,,,,,,
29-03-2021,,,,,,
30-03-2021,,,,,,
31-03-2021,,,,,,
01-04-2021,,,,,,
05-04-2021,,,,,,
06-04-2021,,,,,,
07-04-2021,,,,,,
08-04-2021,,,,,,
09-04-2021,,,,,,
12-04-2021,,,,,,
13-04-2021,,,,,,
14-04-2021,,,,,,
15-04-2021,,,,,,
16-04-2021,,,,,,
19-04-2021,,,,,,
20-04-2021,,,,,,
21-04-2021,,,,,,
22-04-2021,,,,,,
23-04-2021,,,,,,
26-04-2021,,,,,,
27-04-2021,,,,,,
28-04-2021,,,,,,
29-04-2021,,,,,,
30-04-2021,,,,,,
03-05-2021,,,,,,
04-05-2021,,,,,,
05-05-2021,,,,,,
06-05-2021,,,,,,
07-05-2021,,,,,,
10-05-2021,,,,,,
11-05-2021,,,,,,
12-05-2021,,,,,,
13-05-2021,,,,,,
14-05-2021,,,,,,
17-05-2021,,,,,,
18-05-2021,,,,,,
19-05-2021,,,,,,
20-05-2021,,,,,,
21-05-2021,,,,,,
24-05-2021,,,,,,
25-05-2021,,,,,,
26-05-2021,,,,,,
27-05-2021,,,,,,
28-05-2021,,,,,,
01-06-2021,,,,,,
02-06-2021,,,,,,
03-06-2021,,,,,,
04-06-2021,,,,,,
07-06-2021,,,,,,
08-06-2021,,,,,,
09-06-2021,,,,,,
10-06-2021,,,,,,
11-06-2021,,,,,,
14-06-2021,,,,,,
15-06-2021,,,,,,
16-06-2021,,,,,,
17-06-2021,,,,,,
18-06-2021,,,,,,
21-06-2021,,,,,,
22-06-2021,,,,,,
23-06-2021,,,,,,
24-06-2021,,,,,,
25-06-2021,,,,,,
28-06-2021,,,,,,
29-06-2021,,,,,,
30-06-2021,,,,,,
01-07-2021,,,,,,
02-07-2021,,,,,,
06-07-2021,,,,,,
07-07-2021,,,,,,
08-07-2021,,,,,,
09-07-2021,,,,,,
12-07-2021,,,,,,
13-07-2021,,,,,,
14-07-2021,,,,,,
15-07-2021,,,,,,
16-07-2021,,,,,,
19-07-2021,,,,,,
20-07-2021,,,,,,
21-07-2021,,,,,,
22-07-2021,,,,,,
23-07-2021,,,,,,
26-07-2021,,,,,,
27-07-2021,,,,,,
28-07-2021,,,,,,
29-07-2021,,,,,,
30-07-2021,,,,,,
02-08-2021,,,,,,
03-08-2021,,,,,,
04-08-2021,,,,,,
05-08-2021,,,,,,
06-08-2021,,,,,,
09-08-2021,,,,,,
10-08-2021,,,,,,
11-08-2021,,,,,,
12-08-2021,,,,,,
13-08-2021,,,,,,
16-08-2021,,,,,,
17-08-2021,,,,,,
18-08-2021,,,,,,
19-08-2021,,,,,,
20-08-2021,,,,,,
23-08-2021,,,,,,
24-08-2021,,,,,,
25-08-2021,,,,,,
26-08-2021,,,,,,
27-08-2021,,,,,,
30-08-2021,,,,,,
31-08-2021,,,,,,
01-09-2021,,,,,,
02-09-2021,,,,,,
03-09-2021,,,,,,
07-09-2021,,,,,,
08-09-2021,,,,,,
09-09-2021,,,,,,
10-09-2021,,,,,,
13-09-2021,,,,,,
14-09-2021,,,,,,
15-09-2021,,,,,,
16-09-2021,,,,,,
17-09-2021,,,,,,
20-09-2021,,,,,,
21-09-2021,,,,,,
22-09-2021,,,,,,
23-09-2021,,,,,,
24-09-2021,,,,,,
27-09-2021,,,,,,
28-09-2021,,,,,,
29-09-2021,,,,,,
30-09-2021,,,,,,
01-10-2021,,,,,,
04-10-2021,,,,,,
05-10-2021,,,,,,
06-10-2021,,,,,,
07-10-2021,,,,,,
08-10-2021,,,,,,
11-10-2021,,,,,,
12-10-2021,,,,,,
13-10-2021,,,,,,
14-10-2021,,,,,,
15-10-2021,,,,,,
18-10-2021,,,,,,
19-10-2021,,,,,,
20-10-2021,,,,,,
21-10-2021,,,,,,
22-10-2021,,,,,,
25-10-2021,,,,,,
26-10-2021,,,,,,
27-10-2021,,,,,,
28-10-2021,,,,,,
29-10-2021,,,,,,
01-11-2021,,,,,,
02-11-2021,,,,,,
03-11-2021,,,,,,
04-11-2021,,,,,,
05-11-2021,,,,,,
08-11-2021,,,,,,
09-11-2021,,,,,,
10-11-2021,,,,,,
11-11-2021,,,,,,
12-11-2021,,,,,,
15-11-2021,,,,,,
16-11-2021,,,,,,
17-11-2021,,,,,,
18-11-2021,,,,,,
19-11-2021,,,,,,
22-11-2021,,,,,,
23-11-2021,,,,,,
24-11-2021,,,,,,
26-11-2021,,,,,,
29-11-2021,,,,,,
30-11-2021,,,,,,
01-12-2021,,,,,,
02-12-2021,,,,,,
03-12-2021,,,,,,
06-12-2021,,,,,,
07-12-2021,,,,,,
08-12-2021,,,,,,
09-12-2021,,,,,,
10-12-2021,,,,,,
13-12-2021,,,,,,
14-12-2021,,,,,,
15-12-2021,,,,,,
16-12-2021,,,,,,
17-12-2021,,,,,,
20-12-2021,,,,,,
21-12-2021,,,,,,
22-12-2021,,,,,,
23-12-2021,,,,,,
27-12-2021,,,,,,
28-12-2021,,,,,,
29-12-2021,,,,,,
30-12-2021,,,,,,
31-12-2021,,,,,,
03-01-2022,,,,,,
04-01-2022,,,,,,
05-01-2022,,,,,,
06-01-2022,,,,,,
07-01-2022,,,,,,
10-01-2022,,,,,,
11-01-2022,,,,,,
12-01-2022,,,,,,
13-01-2022,,,,,,
14-01-2022,,,,,,
18-01-2022,,,,,,
19-01-2022,,,,,,
20-01-2022,,,,,,
21-01-2022,,,,,,
24-01-2022,,,,,,
25-01-2022,,,,,,
26-01-2022,,,,,,
27-01-2022,,,,,,
28-01-2022,,,,,,
31-01-2022,,,,,,
01-02-2022,,,,,,
02-02-2022,,,,,,
03-02-2022,,,,,,
04-02-2022,,,,,,
07-02-2022,,,,,,
08-02-2022,,,,,,
09-02-2022,,,,,,
10-02-2022,,,,,,
11-02-2022,,,,,,
14-02-2022,,,,,,
15-02-2022,,,,,,
16-02-2022,,,,,,
17-02-2022,,,,,,
18-02-2022,,,,,,
22-02-2022,,,,,,
23-02-2022,,,,,,
24-02-2022,,,,,,
25-02-2022,,,,,,
28-02-2022,,,,,,
01-03-2022,,,,,,
02-03-2022,,,,,,
03-03-2022,,,,,,
04-03-2022,,,,,,
07-03-2022,,,,,,
08-03-2022,,,,,,
09-03-2022,,,,,,
10-03-2022,,,,,,
11-03-2022,,,,,,
14-03-2022,,,,,,
15-03-2022,,,,,,
16-03-2022,,,,,,
17-03-2022,,,,,,
18-03-2022,,,,,,
21-03-2022,,,,,,
22-03-2022,,,,,,
23-03-2022,,,,,,
24-03-2022,,,,,,
25-03-2022,,,,,,
28-03-2022,,,,,,
29-03-2022,,,,,,
30-03-2022,,,,,,
31-03-2022,,,,,,
01-04-2022,,,,,,
04-04-2022,,,,,,
05-04-2022,,,,,,
06-04-2022,,,,,,
07-04-2022,,,,,,
08-04-2022,,,,,,
11-04-2022,,,,,,
12-04-2022,,,,,,
13-04-2022,,,,,,
14-04-2022,,,,,,
18-04-2022,,,,,,
19-04-2022,,,,,,
20-04-2022,,,,,,
21-04-2022,,,,,,
22-04-2022,,,,,,
25-04-2022,,,,,,
26-04-2022,,,,,,
27-04-2022,,,,,,
28-04-2022,,,,,,
29-04-2022,,,,,,
02-05-2022,,,,,,
03-05-2022,,,,,,
04-05-2022,,,,,,
05-05-2022,,,,,,
06-05-2022,,,,,,
09-05-2022,,,,,,
10-05-2022,,,,,,
11-05-2022,,,,,,
12-05-2022,,,,,,
13-05-2022,,,,,,
16-05-2022,,,,,,
17-05-2022,,,,,,
18-05-2022,,,,,,
19-05-2022,,,,,,
20-05-2022,,,,,,
23-05-2022,,,,,,
24-05-2022,,,,,,
25-05-2022,,,,,,
26-05-2022,,,,,,
27-05-2022,,,,,,
31-05-2022,,,,,,
01-06-2022,,,,,,
02-06-2022,,,,,,
03-06-2022,,,,,,
06-06-2022,,,,,,
07-06-2022,,,,,,
08-06-2022,,,,,,
09-06-2022,,,,,,
10-06-2022,,,,,,
13-06-2022,,,,,,
14-06-2022,,,,,,
15-06-2022,,,,,,
16-06-2022,,,,,,
17-06-2022,,,,,,
21-06-2022,,,,,,
22-06-2022,,,,,,
23-06-2022,,,,,,
24-06-2022,,,,,,
27-06-2022,,,,,,
28-06-2022,,,,,,
29-06-2022,,,,,,
30-06-2022,,,,,,
01-07-2022,,,,,,
05-07-2022,,,,,,
06-07-2022,,,,,,
07-07-2022,,,,,,
08-07-2022,,,,,,
11-07-2022,,,,,,
12-07-2022,,,,,,
13-07-2022,,,,,,
14-07-2022,,,,,,
15-07-2022,,,,,,
18-07-2022,,,,,,
19-07-2022,,,,,,
20-07-2022,,,,,,
21-07-2022,,,,,,
22-07-2022,,,,,,
25-07-2022,,,,,,
26-07-2022,,,,,,
27-07-2022,,,,,,
28-07-2022,,,,,,
29-07-2022,,,,,,
01-08-2022,,,,,,
02-08-2022,,,,,,
03-08-2022,,,,,,
04-08-2022,,,,,,
05-08-2022,,,,,,
08-08-2022,,,,,,
09-08-2022,,,,,,
10-08-2022,,,,,,
11-08-2022,,,,,,
12-08-2022,,,,,,
15-08-2022,,,,,,
16-08-2022,,,,,,
17-08-2022,,,,,,
18-08-2022,,,,,,
19-08-2022,,,,,,
22-08-2022,,,,,,
23-08-2022,,,,,,
24-08-2022,,,,,,
25-08-2022,,,,,,
26-08-2022,,,,,,
29-08-2022,,,,,,
30-08-2022,,,,,,
31-08-2022,,,,,,
01-09-2022,,,,,,
02-09-2022,,,,,,
06-09-2022,,,,,,
07-09-2022,,,,,,
08-09-2022,,,,,,
09-09-2022,,,,,,
12-09-2022,,,,,,
13-09-2022,,,,,,
14-09-2022,,,,,,
15-09-2022,,,,,,
16-09-2022,,,,,,
19-09-2022,,,,,,
20-09-2022,,,,,,
21-09-2022,,,,,,
22-09-2022,,,,,,
23-09-2022,,,,,,
26-09-2022,,,,,,
27-09-2022,,,,,,
28-09-2022,,,,,,
29-09-2022,,,,,,
30-09-2022,,,,,,
03-10-2022,,,,,,
04-10-2022,,,,,,
05-10-2022,,,,,,
06-10-2022,,,,,,
07-10-2022,,,,,,
10-10-2022,,,,,,
11-10-2022,,,,,,
12-10-2022,,,,,,
13-10-2022,,,,,,
14-10-2022,,,,,,
17-10-2022,,,,,,
18-10-2022,,,,,,
19-10-2022,,,,,,
20-10-2022,,,,,,
21-10-2022,,,,,,
24-10-2022,,,,,,
25-10-2022,,,,,,
26-10-2022,,,,,,
27-10-2022,,,,,,
28-10-2022,,,,,,
31-10-2022,,,,,,
01-11-2022,,,,,,
02-11-2022,,,,,,
03-11-2022,,,,,,
04-11-2022,,,,,,
07-11-2022,,,,,,
08-11-2022,,,,,,
09-11-2022,,,,,,
10-11-2022,,,,,,
11-11-2022,,,,,,
14-11-2022,,,,,,
15-11-2022,,,,,,
16-11-2022,,,,,,
17-11-2022,,,,,,
18-11-2022,,,,,,
21-11-2022,,,,,,
22-11-2022,,,,,,
23-11-2022,,,,,,
25-11-2022,,,,,,
28-11-2022,,,,,,
29-11-2022,,,,,,
30-11-2022,,,,,,
01-12-2022,,,,,,
02-12-2022,,,,,,
05-12-2022,,,,,,
06-12-2022,,,,,,
07-12-2022,,,,,,
08-12-2022,,,,,,
09-12-2022,,,,,,
12-12-2022,,,,,,
13-12-2022,,,,,,
14-12-2022,,,,,,
15-12-2022,,,,,,
16-12-2022,,,,,,
19-12-2022,,,,,,
20-12-2022,,,,,,
21-12-2022,,,,,,
22-12-2022,,,,,,
23-12-2022,,,,,,
27-12-2022,,,,,,
28-12-2022,,,,,,
29-12-2022,,,,,,
30-12-2022,,,,,,
03-01-2023,,,,,,
04-01-2023,,,,,,
05-01-2023,,,,,,
06-01-2023,,,,,,
09-01-2023,,,,,,
10-01-2023,,,,,,
11-01-2023,,,,,,
12-01-2023,,,,,,
13-01-2023,,,,,,
17-01-2023,,,,,,
18-01-2023,,,,,,
19-01-2023,,,,,,
20-01-2023,,,,,,
23-01-2023,,,,,,
24-01-2023,,,,,,
25-01-2023,,,,,,
26-01-2023,,,,,,
27-01-2023,,,,,,
30-01-2023,,,,,,
31-01-2023,,,,,,
01-02-2023,,,,,,
02-02-2023,,,,,,
03-02-2023,,,,,,
06-02-2023,,,,,,
07-02-2023,,,,,,
08-02-2023,,,,,,
09-02-2023,,,,,,
10-02-2023,,,,,,
13-02-2023,,,,,,
14-02-2023,,,,,,
15-02-2023,,,,,,
16-02-2023,,,,,,
17-02-2023,,,,,,
21-02-2023,,,,,,
22-02-2023,,,,,,
23-02-2023,,,,,,
24-02-2023,,,,,,
27-02-2023,,,,,,
28-02-2023,,,,,,
01-03-2023,,,,,,
02-03-2023,,,,,,
03-03-2023,,,,,,
06-03-2023,,,,,,
07-03-2023,,,,,,
08-03-2023,,,,,,
09-03-2023,,,,,,
10-03-2023,,,,,,
13-03-2023,,,,,,
14-03-2023,,,,,,
15-03-2023,,,,,,
16-03-2023,,,,,,
17-03-2023,,,,,,
20-03-2023,,,,,,
21-03-2023,,,,,,
22-03-2023,,,,,,
23-03-2023,,,,,,
24-03-2023,,,,,,
27-03-2023,,,,,,
28-03-2023,,,,,,
29-03-2023,,,,,,
30-03-2023,,,,,,
31-03-2023,,,,,,
03-04-2023,,,,,,
04-04-2023,,,,,,
05-04-2023,,,,,,
06-04-2023,,,,,,
10-04-2023,,,,,,
11-04-2023,,,,,,
12-04-2023,,,,,,
13-04-2023,,,,,,
14-04-2023,,,,,,
17-04-2023,,,,,,
18-04-2023,,,,,,
19-04-2023,,,,,,
20-04-2023,,,,,,
21-04-2023,,,,,,
24-04-2023,,,,,,
25-04-2023,,,,,,
26-04-2023,,,,,,
27-04-2023,,,,,,
28-04-2023,,,,,,
01-05-2023,,,,,,
02-05-2023,,,,,,
03-05-2023,,,,,,
04-05-2023,,,,,,
05-05-2023,,,,,,
08-05-2023,,,,,,
09-05-2023,,,,,,
10-05-2023,,,,,,
11-05-2023,,,,,,
12-05-2023,,,,,,
15-05-2023,,,,,,
16-05-2023,,,,,,
17-05-2023,,,,,,
18-05-2023,,,,,,
19-05-2023,,,,,,
22-05-2023,,,,,,
23-05-2023,,,,,,
24-05-2023,,,,,,
25-05-2023,,,,,,
26-05-2023,,,,,,
30-05-2023,,,,,,
31-05-2023,,,,,,
01-06-2023,,,,,,
02-06-2023,,,,,,
05-06-2023,,,,,,
06-06-2023,,,,,,
07-06-2023,,,,,,
08-06-2023,,,,,,
09-06-2023,,,,,,
12-06-2023,,,,,,
13-06-2023,,,,,,
14-06-2023,,,,,,
15-06-2023,,,,,,
16-06-2023,,,,,,
20-06-2023,,,,,,
21-06-2023,,,,,,
22-06-2023,,,,,,
23-06-2023,,,,,,
26-06-2023,,,,,,
27-06-2023,,,,,,
28-06-2023,,,,,,
29-06-2023,,,,,,
30-06-2023,,,,,,
03-07-2023,,,,,,
05-07-2023,,,,,,
06-07-2023,,,,,,
07-07-2023,,,,,,
10-07-2023,,,,,,
11-07-2023,,,,,,
12-07-2023,,,,,,
13-07-2023,,,,,,
14-07-2023,,,,,,
17-07-2023,,,,,,
18-07-2023,,,,,,
19-07-2023,,,,,,
20-07-2023,,,,,,
21-07-2023,,,,,,
24-07-2023,,,,,,
25-07-2023,,,,,,
26-07-2023,,,,,,
27-07-2023,,,,,,
28-07-2023,,,,,,
31-07-2023,,,,,,
01-08-2023,,,,,,
02-08-2023,,,,,,
03-08-2023,,,,,,
04-08-2023,,,,,,
07-08-2023,,,,,,
08-08-2023,,,,,,
09-08-2023,,,,,,
10-08-2023,,,,,,
11-08-2023,,,,,,
14-08-2023,,,,,,
15-08-2023,,,,,,
16-08-2023,,,,,,
17-08-2023,,,,,,
18-08-2023,,,,,,
21-08-2023,,,,,,
22-08-2023,,,,,,
23-08-2023,,,,,,
24-08-2023,,,,,,
25-08-2023,,,,,,
28-08-2023,,,,,,
29-08-2023,,,,,,
30-08-2023,,,,,,
31-08-2023,,,,,,
01-09-2023,,,,,,
05-09-2023,,,,,,
06-09-2023,,,,,,
07-09-2023,,,,,,
08-09-2023,,,,,,
11-09-2023,,,,,,
12-09-2023,,,,,,
13-09-2023,,,,,,
14-09-2023,,,,,,
15-09-2023,,,,,,
18-09-2023,,,,,,
19-09-2023,,,,,,
20-09-2023,,,,,,
21-09-2023,,,,,,
22-09-2023,,,,,,
25-09-2023,,,,,,
26-09-2023,,,,,,
27-09-2023,,,,,,
28-09-2023,,,,,,
29-09-2023,,,,,,
02-10-2023,,,,,,
03-10-2023,,,,,,
04-10-2023,,,,,,
05-10-2023,,,,,,
06-10-2023,,,,,,
09-10-2023,,,,,,
10-10-2023,,,,,,
11-10-2023,,,,,,
12-10-2023,,,,,,
13-10-2023,,,,,,
16-10-2023,,,,,,
17-10-2023,,,,,,
18-10-2023,,,,,,
19-10-2023,,,,,,
20-10-2023,,,,,,
23-10-2023,,,,,,
24-10-2023,,,,,,
25-10-2023,,,,,,
26-10-2023,,,,,,
27-10-2023,,,,,,
30-10-2023,,,,,,
31-10-2023,,,,,,
01-11-2023,,,,,,
02-11-2023,,,,,,
03-11-2023,,,,,,
06-11-2023,,,,,,
07-11-2023,,,,,,
08-11-2023,,,,,,
09-11-2023,,,,,,
10-11-2023,,,,,,
13-11-2023,,,,,,
14-11-2023,,,,,,
15-11-2023,,,,,,
16-11-2023,,,,,,
17-11-2023,,,,,,
20-11-2023,,,,,,
21-11-2023,,,,,,
22-11-2023,,,,,,
24-11-2023,,,,,,
27-11-2023,,,,,,
28-11-2023,,,,,,
29-11-2023,,,,,,
30-11-2023,,,,,,
01-12-2023,,,,,,
04-12-2023,,,,,,
05-12-2023,,,,,,
06-12-2023,,,,,,
07-12-2023,,,,,,
08-12-2023,,,,,,
11-12-2023,,,,,,
12-12-2023,,,,,,
13-12-2023,,,,,,
14-12-2023,,,,,,
15-12-2023,,,,,,
18-12-2023,,,,,,
19-12-2023,,,,,,
20-12-2023,,,,,,
21-12-2023,,,,,,
22-12-2023,,,,,,
26-12-2023,,,,,,
27-12-2023,,,,,,
28-12-2023,,,,,,
29-12-2023,,,,,,
02-01-2024,,,,,,
03-01-2024,,,,,,
04-01-2024,,,,,,
05-01-2024,,,,,,
08-01-2024,,,,,,
09-01-2024,,,,,,
10-01-2024,,,,,,
11-01-2024,,,,,,
12-01-2024,,,,,,
16-01-2024,,,,,,
17-01-2024,,,,,,
18-01-2024,,,,,,
19-01-2024,,,,,,
22-01-2024,,,,,,
23-01-2024,,,,,,
24-01-2024,,,,,,
25-01-2024,,,,,,
26-01-2024,,,,,,
29-01-2024,,,,,,
30-01-2024,,,,,,
31-01-2024,,,,,,
01-02-2024,,,,,,
02-02-2024,,,,,,
05-02-2024,,,,,,
06-02-2024,,,,,,
07-02-2024,,,,,,
08-02-2024,,,,,,
09-02-2024,,,,,,
12-02-2024,,,,,,
13-02-2024,,,,,,
14-02-2024,,,,,,
15-02-2024,,,,,,
16-02-2024,,,,,,
20-02-2024,,,,,,
21-02-2024,,,,,,
22-02-2024,,,,,,
23-02-2024,,,,,,
26-02-2024,,,,,,
27-02-2024,,,,,,
28-02-2024,,,,,,
29-02-2024,,,,,,
01-03-2024,,,,,,
04-03-2024,,,,,,
05-03-2024,,,,,,
06-03-2024,,,,,,
07-03-2024,,,,,,
08-03-2024,,,,,,
11-03-2024,,,,,,
12-03-2024,,,,,,
13-03-2024,,,,,,
14-03-2024,,,,,,
15-03-2024,,,,,,
18-03-2024,,,,,,
19-03-2024,,,,,,
20-03-2024,,,,,,
21-03-2024,,,,,,
22-03-2024,,,,,,
25-03-2024,,,,,,
26-03-2024,,,,,,
27-03-2024,,,,,,
28-03-2024,,,,,,
01-04-2024,,,,,,
02-04-2024,,,,,,
03-04-2024,,,,,,
04-04-2024,,,,,,
05-04-2024,,,,,,
08-04-2024,,,,,,
09-04-2024,,,,,,
10-04-2024,,,,,,
11-04-2024,,,,,,
12-04-2024,,,,,,
15-04-2024,,,,,,
16-04-2024,,,,,,
17-04-2024,,,,,,
18-04-2024,,,,,,
19-04-2024,,,,,,
22-04-2024,,,,,,
23-04-2024,,,,,,
24-04-2024,,,,,,
25-04-2024,,,,,,
26-04-2024,,,,,,
29-04-2024,,,,,,
30-04-2024,,,,,,
01-05-2024,,,,,,
02-05-2024,,,,,,
03-05-2024,,,,,,
06-05-2024,,,,,,
07-05-2024,,,,,,
08-05-2024,,,,,,
09-05-2024,,,,,,
10-05-2024,,,,,,
13-05-2024,,,,,,
14-05-2024,,,,,,
15-05-2024,,,,,,
16-05-2024,,,,,,
17-05-2024,,,,,,
20-05-2024,,,,,,
