"DATE TIME (UTC)","MMSI","LATITUDE","LONGITUDE","COURSE","SPEED","HEADING","NAVSTAT","IMO","NAME","CALLSIGN","AISTYPE","A","B","C","D","DRAUGHT","DESTINATION","ETA"
"2024-03-24 00:06:08",613003901,12.75059,43.26409,155.3,7.6,511,0,9254422,"OSTRA","TJMC168",89,12,133,11,11,9.8,"KFK","03-30 12:00"
"2024-03-24 00:12:50",538009223,12.73063,43.26151,150.8,9.6,150,0,9362982,"LENI","V7A4474",70,201,24,14,18,13.2,"BIK IRAN","03-31 06:00"
"2024-03-24 00:26:58",538007541,12.61087,43.39418,300.1,12.9,299,0,9567439,"NS QINGDAO","V7UM6",70,161,29,16,16,12.9,"EGYPT/CHINESE CREW","03-28 12:00"
"2024-03-24 00:35:48",356576000,12.75885,43.25261,154.7,9.7,157,0,9493638,"THE FINDER","3FLQ",79,192,33,10,22,13.4,"ARMS GUARD ONBOARD","03-31 06:00"
"2024-03-24 01:06:34",538009223,12.60007,43.33240,121.4,8.9,120,0,9362982,"LENI","V7A4474",70,201,24,14,18,13.2,"BIK IRAN","03-31 06:00"
"2024-03-24 01:08:19",538007541,12.73056,43.31003,335.4,12.6,335,0,9567439,"NS QINGDAO","V7UM6",70,161,29,16,16,12.9,"EGYPT/CHINESE CREW","03-28 12:00"
"2024-03-24 01:11:36",613003901,12.62233,43.31750,158.0,7.7,511,0,9254422,"OSTRA","TJMC168",89,12,133,11,11,9.8,"KFK","03-30 12:00"
"2024-03-24 01:14:11",356576000,12.66254,43.29658,156.9,9.8,156,0,9493638,"THE FINDER","3FLQ",79,192,33,10,22,13.4,"ARMS GUARD ONBOARD","03-31 06:00"
"2024-03-24 01:18:11",577474000,12.60629,43.40382,298.0,11.1,511,0,9145126,"ANKA SKY","YJWX2",70,75,10,6,7,5.6,"TURKISH CREW ONBOARD","03-29 12:00"
"2024-03-24 02:06:07",538005368,12.75146,43.25845,156.3,9.6,156,0,9209116,"AGNES","V7DC9",70,193,32,19,13,10.8,"UMM QASR(IRAQ)","03-31 09:00"
"2024-03-24 02:12:37",577474000,12.73765,43.30839,333.3,10.9,511,0,9145126,"ANKA SKY","YJWX2",70,75,10,6,7,5.6,"TURKISH CREW ONBOARD","03-29 12:00"
"2024-03-24 02:55:46",351095000,12.61075,43.40445,302.0,11.7,302,0,9244087,"JAGUAR 1","3FKG5",70,130,25,10,14,8.1,"SUEZ EG","03-30 12:00"
"2024-03-24 03:01:29",351095000,12.62115,43.38797,302.0,11.9,302,0,9244087,"JAGUAR 1","3FKG5",70,130,25,10,14,8.1,"SUEZ EG","03-30 12:00"
"2024-03-24 03:07:50",538005368,12.60655,43.33456,137.9,9.4,135,0,9209116,"AGNES","V7DC9",70,193,32,19,13,10.8,"UMM QASR(IRAQ)","03-31 09:00"
"2024-03-24 04:18:11",620999092,12.74030,43.26338,154.4,6.6,158,0,9061588,"ATLANTIC 22","D6A3097",70,132,26,10,15,9.5,"DJIBOUTI/SYRIANCREW","03-24 13:00"
"2024-03-24 05:00:53",636022445,12.61050,43.39445,298.9,16.1,301,0,9426051,"ROZA","5LIV4",70,169,60,28,10,7.5,"RU ULU","04-12 16:20"
"2024-03-24 05:03:41",620999092,12.66477,43.29850,156.1,6.5,154,0,9061588,"ATLANTIC 22","D6A3097",70,132,26,10,15,9.5,"DJIBOUTI/SYRIANCREW","03-24 13:00"
"2024-03-24 05:04:47",477390100,12.76007,43.25389,152.5,7.5,156,0,9695224,"HUANGHAI STRUGGLER","VRNH2",70,149,17,13,14,11.2,"ALL CREW CHINESE","04-10 08:00"
"2024-03-24 05:43:23",563092500,12.74632,43.26401,158.1,7.6,159,0,9456460,"INCE AKDENIZ","9V3373",70,161,29,14,18,12.8,"ARMED GUARD ON BOARD","03-18 15:00"
"2024-03-24 06:04:42",477390100,12.64548,43.30703,153.5,7.6,151,0,9695224,"HUANGHAI STRUGGLER","VRNH2",70,149,17,13,14,11.2,"ALL CREW CHINESE","04-10 08:00"
"2024-03-24 06:05:56",563092500,12.70213,43.28086,159.9,7.5,157,0,9456460,"INCE AKDENIZ","9V3373",70,161,29,14,18,12.8,"ARMED GUARD ON BOARD","03-18 15:00"
"2024-03-24 06:08:01",620999092,12.57700,43.37083,122.5,6.7,123,0,9061588,"ATLANTIC 22","D6A3097",70,132,26,10,15,9.5,"DJIBOUTI/SYRIANCREW","03-24 13:00"
"2024-03-24 06:39:29",352002878,12.73463,43.26575,152.6,5.8,154,0,9463528,"GLORY STAR 1","3E4656",80,118,24,17,6,4.7,"FUJAIRAH,UAE","04-01 13:00"
"2024-03-24 06:59:30",248826000,12.75281,43.25094,156.9,7.5,158,0,9577446,"ELINA B.","9HA2530",79,164,32,10,22,11.2,"GRDS OB_RUSSIAN CREW","04-03 15:00"
"2024-03-24 07:03:41",248826000,12.74469,43.25436,157.7,7.6,158,0,9577446,"ELINA B.","9HA2530",79,164,32,10,22,11.2,"GRDS OB_RUSSIAN CREV","04-03 15:00"
"2024-03-24 07:05:58",563092500,12.59698,43.34934,124.7,7.9,126,0,9456460,"INCE AKDENIZ","9V3373",70,161,29,14,18,12.8,"ARMED GUARD ON BOARD","03-18 15:00"
"2024-03-24 07:26:20",352002878,12.66618,43.29362,144.0,5.4,143,0,9463528,"GLORY STAR 1","3E4656",80,118,24,17,6,4.7,"FUJAIRAH,UAE","04-01 13:00"
"2024-03-24 08:01:40",352002878,12.61908,43.32245,157.2,5.7,147,0,9463528,"GLORY STAR 1","3E4656",80,118,24,17,6,4.7,"FUJAIRAH,UAE","04-01 13:00"
"2024-03-24 08:03:29",248826000,12.62522,43.30778,151.6,8.0,148,0,9577446,"ELINA B.","9HA2530",79,164,32,10,22,11.2,"GRDS OB_RUSSIAN CREW","04-03 15:00"
"2024-03-24 08:27:57",352002305,12.75798,43.25058,156.5,8.3,152,0,9220988,"YASSIN BEY","HOA7635",79,152,20,13,14,10.7,"MUMBAI,INDIA","03-30 21:00"
"2024-03-24 09:01:48",352002305,12.68623,43.28609,155.5,8.5,151,0,9220988,"YASSIN BEY","HOA7635",79,152,20,13,14,10.7,"MUMBAI,INDIA","03-30 21:00"
"2024-03-24 09:13:46",626418000,12.61953,43.38645,301.0,13.8,301,0,9422445,"SCF SURGUT","TRBK9",89,230,44,15,33,9.3,"ARMED GUARDS ONBOARD","03-28 06:00"
"2024-03-24 09:34:31",229609000,12.65125,43.33824,336.3,14.9,340,0,9286592,"THALASSINI","9HA3445",70,190,39,21,11,6.5,"ARMED GUARDS ON BOAR","03-29 04:30"
"2024-03-24 10:06:15",229609000,12.77028,43.28583,336.7,14.0,335,0,9286592,"THALASSINI","9HA3445",70,190,39,21,11,6.5,"ARMED GUARDS ON BOAR","03-29 04:30"
"2024-03-24 10:56:42",624016000,12.72558,43.27024,155.6,8.8,153,0,9617375,"FINFINE","ETFN",70,150,16,10,17,10.1,"DJIBOUTI","03-24 17:30"
"2024-03-24 11:12:52",624016000,12.68920,43.28764,154.8,8.8,152,0,9617375,"FINFINE","ETFN",70,150,16,10,17,10.1,"DJIBOUTI","03-24 17:30"
"2024-03-24 12:00:10",624016000,12.59373,43.35567,127.0,9.2,126,0,9617375,"FINFINE","ETFN",70,150,16,10,17,10.1,"DJIBOUTI","03-24 17:30"
"2024-03-24 12:56:25",511101140,12.70731,43.27700,157.7,18.0,157,0,9377561,"INTERSEA TRAVELER","T8A4404",70,196,20,17,13,10.4,"MYPKG&NO LINK ISRAEL","04-02 08:00"
"2024-03-24 13:08:27",511101140,12.65161,43.30197,153.8,17.8,151,0,9377561,"INTERSEA TRAVELER","T8A4404",70,196,20,17,13,10.4,"MYPKG&NO LINK ISRAEL","04-02 08:00"
"2024-03-24 13:22:47",636022042,12.75676,43.24875,156.1,11.1,156,0,9277759,"LEA I","5LGX3",80,192,37,22,10,12.8,"FUJAIRAH,UAE","03-29 13:00"
"2024-03-24 13:52:40",538005598,12.62128,43.39573,303.4,14.4,304,0,9299616,"NS XIAMEN","V7FH8",79,185,40,24,9,7.3,"PORT SAID","03-29 18:00"
"2024-03-24 13:52:47",477455400,12.61796,43.38079,302.0,14.0,305,0,9261786,"TAI HARVEST","VRTC7",70,160,30,12,20,10.9,"ALL CHINESE ON BOARD","03-28 19:00"
"2024-03-24 14:03:29",636022042,12.64267,43.29954,152.4,10.8,149,0,9277759,"LEA I","5LGX3",80,192,37,22,10,12.8,"FUJAIRAH,UAE","03-29 13:00"
"2024-03-24 14:09:44",538005598,12.66992,43.35336,334.3,13.1,337,0,9299616,"NS XIAMEN","V7FH8",79,185,40,24,9,7.3,"PORT SAID","03-29 18:00"
"2024-03-24 14:18:05",477455400,12.69430,43.32988,333.4,12.9,333,0,9261786,"TAI HARVEST","VRTC7",70,160,30,12,20,10.9,"ALL CHINESE ON BOARD","03-28 19:00"
"2024-03-24 15:14:46",538006238,12.75754,43.25403,158.4,8.1,156,0,9700213,"D&K ABDUL RAZZAK KHA","V7KX8",80,146,37,12,20,8.1,"AE FJR","01-30 10:00"
"2024-03-24 15:35:03",538010776,12.71869,43.25187,162.0,16.2,160,0,9419785,"WADI DUKA","V7A7412",70,179,52,10,21,8.5,"INNSA NO ISRAEL CONN","03-29 00:30"
"2024-03-24 15:39:10",312325000,12.69598,43.27358,150.0,11.0,150,0,9231509,"TREND","V3MR6",80,227,47,21,27,15.0,"CHINESECREW,ARMGUARD","03-30 18:00"
"2024-03-24 16:04:32",538010776,12.60859,43.32641,136.7,16.1,134,0,9419785,"WADI DUKA","V7A7412",70,179,52,10,21,8.5,"INNSA NO ISRAEL CONN","03-29 00:30"
"2024-03-24 16:04:48",312325000,12.62910,43.31412,142.0,10.8,136,0,9231509,"TREND","V3MR6",80,227,47,21,27,15.0,"CHINESECREW,ARMGUARD","03-30 18:00"
"2024-03-24 16:17:46",538006238,12.63016,43.31163,158.9,8.0,151,0,9700213,"D&K ABDUL RAZZAK KHA","V7KX8",80,146,37,12,20,8.1,"AE FJR","01-30 10:00"
"2024-03-24 16:19:08",240221000,12.61161,43.38542,301.0,15.6,300,0,9271353,"OLYMPIC FUTURE","SYQH",80,232,42,17,30,7.9,"ARMED GUARDS ONBOARD","03-30 12:00"
"2024-03-24 16:39:58",636021266,12.71047,43.27680,153.3,15.6,152,0,9719862,"SIMBA","5LDC3",70,195,76,14,29,12.0,"PORT KLANG","04-02 04:00"
"2024-03-24 17:00:19",240221000,12.75741,43.29291,337.0,15.9,335,0,9271353,"OLYMPIC FUTURE","SYQH",80,232,42,17,30,7.9,"ARMED GUARDS ONBOARD","03-30 12:00"
"2024-03-24 17:00:34",636021266,12.63082,43.31805,146.0,15.4,141,0,9719862,"SIMBA","5LDC3",70,195,76,14,29,12.0,"PORT KLANG","04-02 04:00"
"2024-03-24 18:04:23",352003605,12.71902,43.28182,155.2,10.1,155,0,9290373,"BESIKTAS BOSPHORUS","3E5237",80,229,45,40,10,15.7,"TURKISH CR/ARMED GRD","03-30 13:00"
"2024-03-24 18:21:33",626244000,12.72595,43.26935,158.0,9.0,155,0,9321691,"SAI BABA","TRAO6",80,231,43,17,31,14.8,"VADINAR,INDIA","03-31 18:00"
"2024-03-24 19:00:43",352003605,12.58327,43.35676,119.4,10.0,121,0,9290373,"BESIKTAS BOSPHORUS","3E5237",80,229,45,40,10,15.7,"TURKISH CR/ARMED GRD","03-30 13:00"
"2024-03-24 19:21:15",626244000,12.59598,43.34510,127.0,9.2,127,0,9321691,"SAI BABA","TRAO6",80,231,43,17,31,14.8,"VADINAR,INDIA","03-31 18:00"
"2024-03-24 20:12:31",626360000,12.74602,43.25640,156.1,9.0,156,0,9292204,"ADYGEYA","TRBD7",89,201,43,17,25,14.7,"RU NVS > IN PRT","04-04 20:30"
"2024-03-24 21:29:51",626360000,12.58612,43.36306,119.2,9.6,119,0,9292204,"ADYGEYA","TRBD7",89,201,43,17,25,14.7,"RU NVS > IN PRT","04-04 20:30"
"2024-03-24 21:30:10",636014250,12.60523,43.41083,299.0,15.3,299,0,9410210,"TATAKI","A8SM5",80,230,44,17,33,9.0,"BASHAYER,SUDAN","03-30 04:00"
"2024-03-24 22:00:35",636014250,12.70083,43.32660,336.0,15.5,337,0,9410210,"TATAKI","A8SM5",80,230,44,17,33,9.0,"BASHAYER,SUDAN","03-30 04:00"
"2024-03-24 23:20:01",636018294,12.61522,43.39408,287.5,12.1,300,0,9249180,"NEW FRIENDSHIP","D5PB6",85,202,42,16,26,13.4,"SUEZ, EGYPT","03-29 16:00"
"2024-03-24 23:42:48",352001758,12.71867,43.26367,155.7,10.3,156,0,9308065,"CHARVI","3E2594",80,210,64,18,30,16.2,"SIKKA","03-31 12:00"
"2024-03-24 23:44:02",626403000,12.61133,43.32320,129.2,9.7,130,0,9511387,"OLYMPIYSKY PROSPECT","TRBJ2",80,209,41,26,18,14.1,"CNZHA","04-11 08:00"
"2024-03-24 23:44:07",636014381,12.72447,43.27168,155.0,7.9,154,0,9207778,"ANNA S","A8TM3",70,195,30,15,17,0.0,"BIK IRAN","04-02 18:00"
"2024-03-25 00:00:05",626403000,12.58767,43.36320,120.3,10.4,121,0,9511387,"OLYMPIYSKY PROSPECT","TRBJ2",80,209,41,26,18,14.1,"CNZHA","04-11 08:00"
"2024-03-25 00:00:07",636014381,12.69185,43.28722,155.0,8.0,152,0,9207778,"ANNA S","A8TM3",70,195,30,15,17,0.0,"BIK IRAN","04-02 18:00"
"2024-03-25 00:00:20",636020697,12.60423,43.40979,294.6,15.5,295,0,9931563,"PILECKI","5LAG7",70,185,15,15,17,8.3,"CHINESE VESSEL&OWNER","03-29 16:00"
"2024-03-25 00:00:28",352001758,12.67243,43.28732,150.0,10.4,150,0,9308065,"CHARVI","3E2594",80,210,64,18,30,16.2,"SIKKA","03-31 12:00"
"2024-03-25 00:03:22",636018294,12.72897,43.31578,322.0,10.9,336,0,9249180,"NEW FRIENDSHIP","D5PB6",85,202,42,16,26,13.4,"SUEZ, EGYPT","03-29 16:00"
"2024-03-25 01:06:05",636014381,12.57535,43.37690,120.0,8.6,118,0,9207778,"ANNA S","A8TM3",70,195,30,15,17,0.0,"BIK IRAN","04-02 18:00"
"2024-03-25 01:28:07",256099000,12.74749,43.25752,155.1,10.6,159,0,9718583,"KIRAN CASPIAN","9HA3817",70,180,20,8,24,13.4,"ARMED GUARD ONBOARD","04-02 18:00"
"2024-03-25 01:36:30",511101129,12.61398,43.40020,302.0,14.4,303,0,9250531,"PYTHON","T8A4394",80,203,41,15,27,8.0,"RU ULU","04-09 12:00"
"2024-03-25 01:42:06",636014503,12.74272,43.25526,156.3,11.8,158,0,9476654,"AMAZON","A8UI8",89,235,40,32,18,15.7,"VIZAG INDIA","04-04 08:00"
"2024-03-25 01:54:18",352003527,12.62315,43.37588,302.7,13.2,305,0,9269233,"SEAPOWER II","3E5179",70,200,25,10,22,7.0,"GUARDS O/B,RUS CARGO","04-05 12:00"
"2024-03-25 01:58:36",352002084,12.72052,43.27287,153.0,10.5,152,0,9389112,"GINGKO","3E3768",70,163,27,22,10,12.5,"CN ALL CHINESE CREW","04-08 08:00"
"2024-03-25 02:05:13",636014503,12.67187,43.28529,157.8,11.8,158,0,9476654,"AMAZON","A8UI8",89,235,40,32,18,15.7,"VIZAG INDIA","04-04 08:00"
"2024-03-25 02:06:16",256099000,12.64422,43.30532,155.5,10.6,157,0,9718583,"KIRAN CASPIAN","9HA3817",70,180,20,8,24,13.4,"ARMED GUARD ONBOARD","04-02 18:00"
"2024-03-25 02:07:16",511101129,12.70337,43.32847,334.0,13.5,335,0,9250531,"PYTHON","T8A4394",80,203,41,15,27,8.0,"RU ULU","04-09 12:00"
"2024-03-25 02:08:18",352003527,12.66053,43.34554,336.9,11.8,339,0,9269233,"SEAPOWER II","3E5179",70,200,25,10,22,7.0,"GUARDS O/B,RUS CARGO","04-05 12:00"
"2024-03-25 02:09:06",352002084,12.69235,43.28577,156.0,10.5,155,0,9389112,"GINGKO","3E3768",70,163,27,22,10,12.5,"CN ALL CHINESE CREW","04-08 08:00"
"2024-03-25 02:09:20",636018215,12.74327,43.26395,154.5,10.4,156,0,9835953,"FLAMINIA","D5OR3",70,202,27,24,8,12.7,"ARMED GUARD ONBOARD","03-23 17:45"
"2024-03-25 03:00:12",565730000,12.62128,43.37802,292.0,14.9,292,0,9359674,"KOTA RAHMAT","9VEY2",70,119,27,20,3,8.4,"VSL NO LINK ISRAEL","03-25 20:00"
"2024-03-25 03:05:23",636018215,12.59924,43.33736,123.2,10.0,121,0,9835953,"FLAMINIA","D5OR3",70,202,27,24,8,12.7,"ARMED GUARD ONBOARD","03-23 17:45"
"2024-03-25 03:30:05",314639000,12.61204,43.39436,299.8,11.1,300,0,9446702,"MALAK","8PBL5",70,161,29,14,18,11.0,"SUEZ","04-01 12:00"
"2024-03-25 03:40:03",563209500,12.75994,43.25337,154.2,14.2,154,0,9964596,"CUL SHEKOU","9V8955",70,147,42,21,11,11.6,"CHN VSL ALL CREW CHN","04-14 02:00"
"2024-03-25 04:07:37",563209500,12.66131,43.30018,155.3,13.9,153,0,9964596,"CUL SHEKOU","9V8955",70,147,42,21,11,11.6,"CHN VSL ALL CREW CHN","04-14 02:00"
"2024-03-25 04:10:46",314639000,12.70886,43.32312,334.6,10.7,335,0,9446702,"MALAK","8PBL5",70,161,29,14,18,11.0,"SUEZ","04-01 12:00"
"2024-03-25 04:51:23",626290000,12.74252,43.25958,153.0,10.3,155,0,9402732,"ONRIM","TRAU6",89,277,56,30,30,16.7,"CHINA","04-12 05:00"
"2024-03-25 05:15:49",626290000,12.67015,43.29233,154.0,10.1,154,0,9402732,"ONRIM","TRAU6",89,277,56,30,30,16.7,"CHINA","04-12 05:00"
"2024-03-25 05:54:58",636018858,12.75493,43.25501,152.4,9.1,153,0,9689031,"A R G","D5RS3",80,121,40,11,12,5.5,"HAMRIYAH","03-31 16:00"
"2024-03-25 06:00:20",574005320,12.62073,43.38063,300.5,14.9,298,0,9301524,"PALMER","XVKC7",80,234,43,31,17,9.4,"EG SUZ","03-30 12:30"
"2024-03-25 06:10:09",636018858,12.72100,43.27276,153.1,9.0,153,0,9689031,"A R G","D5RS3",80,121,40,11,12,5.5,"HAMRIYAH","03-31 16:00"
"2024-03-25 07:09:59",636018858,12.59025,43.35607,123.7,9.7,121,0,9689031,"A R G","D5RS3",80,121,40,11,12,5.5,"HAMRIYAH","03-31 16:00"
"2024-03-25 08:05:03",563215800,12.61946,43.38438,300.5,15.3,300,0,9416771,"QI LIN SONG","9V9230",70,165,14,13,14,8.7,"SUEZ CANAL CHINESE","03-29 11:00"
"2024-03-25 10:04:15",210722000,12.62513,43.31164,147.9,13.0,147,0,9324978,"CONTSHIP ONO","C4RE2",70,136,11,15,8,7.7,"INMUN","03-30 07:30"
"2024-03-25 11:45:01",352002531,12.75352,43.25403,153.6,13.0,151,0,9976070,"GREEN RAUMA","HOA2932",70,205,22,8,24,13.5,"CHINA OWNER CHINESE","04-14 16:00"
"2024-03-25 12:02:00",352002531,12.69655,43.27956,153.7,13.3,153,0,9976070,"GREEN RAUMA","HOA2932",70,205,22,8,24,13.5,"CHINA OWNER CHINESE","04-14 16:00"
"2024-03-25 12:18:35",352002216,12.64106,43.35574,333.6,11.8,334,0,9294214,"WU YANG FORTUNE","3E3491",70,161,29,22,10,12.0,"ALEXANDRIA","03-29 21:00"
"2024-03-25 12:37:52",511101083,12.61075,43.39885,299.0,10.3,299,0,9461972,"MARS J","T8A4330",70,94,16,3,13,10.0,"ALIAGHA","04-02 22:00"
"2024-03-25 13:09:34",511101083,12.67317,43.34145,333.0,9.5,334,0,9461972,"MARS J","T8A4330",70,94,16,3,13,10.0,"ALIAGHA","04-02 22:00"
"2024-03-25 15:22:07",352297000,12.73040,43.27312,159.0,13.5,160,0,9343687,"FESCO EKATERINA","3EFV5",70,115,27,18,5,7.0,"ARMED GUARD ON BOARD","04-01 06:30"
"2024-03-25 15:26:16",636023500,12.75961,43.25539,152.4,7.6,153,0,9540780,"REGULUS","5LOA2",90,15,42,8,8,4.5,"UAE OWNER DUBAI UAE","04-04 06:00"
"2024-03-25 15:42:10",352003207,12.71911,43.26749,149.9,12.2,148,0,9832559,"VALOUR","3E6071",80,208,42,25,19,14.0,"RUSSIAN CREW /ARM GU","04-04 14:30"
"2024-03-25 16:02:26",352003207,12.65801,43.30089,154.6,12.1,151,0,9832559,"VALOUR","3E6071",80,208,42,25,19,14.0,"RUSSIAN CREW /ARM GU","04-04 14:30"
"2024-03-25 16:08:15",352297000,12.58750,43.35822,120.0,12.7,121,0,9343687,"FESCO EKATERINA","3EFV5",70,115,27,18,5,7.0,"ARMED GUARD ON BOARD","04-01 06:30"
"2024-03-25 16:08:51",636023500,12.67813,43.29521,155.5,7.2,157,0,9540780,"REGULUS","5LOA2",90,15,42,8,8,4.5,"UAE OWNER DUBAI UAE","04-04 06:00"
"2024-03-25 17:03:26",636023500,12.59047,43.35514,122.4,7.0,125,0,9540780,"REGULUS","5LOA2",90,15,42,8,8,4.5,"UAE OWNER DUBAI UAE","04-04 06:00"
"2024-03-25 17:31:51",354391000,12.62098,43.38242,300.0,13.2,299,0,9321926,"ENJOY HARMONY","HPLP",70,194,31,10,22,7.6,"OWNER CREWALLCHINESE","03-29 18:00"
"2024-03-25 18:11:03",354391000,12.74603,43.30660,332.0,13.8,333,0,9321926,"ENJOY HARMONY","HPLP",70,194,31,10,22,7.6,"OWNER CREWALLCHINESE","03-29 18:00"
"2024-03-25 18:30:00",403589001,12.62149,43.37557,297.3,11.7,297,0,9332535,"WAFRAH","HZCS",89,278,55,25,35,21.1,"SAGIZ","03-26 09:00"
"2024-03-25 19:00:02",403589001,12.69810,43.31998,333.8,11.5,333,0,9332535,"WAFRAH","HZCS",89,278,55,25,35,21.1,"SAGIZ","03-26 09:00"
"2024-03-25 19:33:05",538006940,12.60669,43.40009,299.6,15.3,299,0,9296846,"CAPTAIN MIKE","V7SL6",70,192,37,30,7,7.5,"EG SUZ ARMGUARD O/B","03-29 20:00"
"2024-03-25 19:33:15",232051710,12.76073,43.25464,157.5,10.7,157,0,9460863,"OCEAN BAY","MOMV2",70,164,26,20,12,10.6,"ARMGUARDS ONBOARD","04-05 22:30"
"2024-03-25 20:03:16",538006940,12.70219,43.32523,335.8,15.0,335,0,9296846,"CAPTAIN MIKE","V7SL6",70,192,37,30,7,7.5,"EG SUZ ARMGUARD O/B","03-29 20:00"
"2024-03-25 20:03:51",232051710,12.67630,43.29312,155.7,10.9,153,0,9460863,"OCEAN BAY","MOMV2",70,164,26,20,12,10.6,"ARMGUARDS ONBOARD","04-05 22:30"
"2024-03-25 20:48:46",572923210,12.74769,43.26006,152.1,10.3,153,0,9162514,"MARS","T2ZT4",80,152,31,15,17,6.3,"BTM INA","04-11 07:00"
"2024-03-25 20:56:39",511101034,12.61279,43.38338,299.3,10.7,295,0,9109964,"GOZO","T8A4264",70,144,25,15,13,10.1,"SUEZ","03-27 12:00"
"2024-03-25 21:03:57",572923210,12.70927,43.28102,153.1,10.3,153,0,9162514,"MARS","T2ZT4",80,152,31,15,17,6.3,"BTM INA","04-11 07:00"
"2024-03-25 21:31:14",750481000,12.74274,43.25699,153.9,9.5,153,0,9041057,"LIA","8RGX2",80,262,15,20,24,10.5,"KHOR-FAKAN OPL","03-31 21:00"
"2024-03-25 22:06:06",750481000,12.65805,43.29873,155.1,9.6,152,0,9041057,"LIA","8RGX2",80,262,15,20,24,10.5,"KHOR-FAKAN OPL","03-31 21:00"
"2024-03-25 22:53:15",304736000,12.74037,43.25837,155.0,12.3,156,0,9293117,"SUN","V2YF6",80,234,49,31,17,14.8,"IN NML W/ARMED GUARD","04-01 06:30"
"2024-03-25 23:08:25",304736000,12.69168,43.27987,156.0,12.5,156,0,9293117,"SUN","V2YF6",80,234,49,31,17,14.8,"IN NML W/ARMED GUARD","04-01 06:30"
"2024-03-25 23:25:15",636014942,12.75951,43.25275,154.6,13.8,155,0,9487249,"BANI YAS","A8XN7",80,200,28,7,25,11.6,"ADNOC GROUP","04-08 08:00"
"2024-03-25 23:39:25",351676000,12.61122,43.33140,139.9,10.7,138,0,9259642,"MOHSEN ILYAS","HP3864",70,80,36,10,10,5.6,"KANDLA","04-01 23:00"
"2024-03-26 00:00:58",574005540,12.72764,43.26737,155.9,12.1,155,0,9284582,"PANDA","XVJG7",89,200,44,16,26,8.5,"RUSSIA","03-31 18:00"
"2024-03-26 00:13:49",636014942,12.59394,43.33925,120.6,13.6,120,0,9487249,"BANI YAS","A8XN7",80,200,28,7,25,11.6,"ADNOC GROUP","04-08 08:00"
"2024-03-26 00:55:18",414534000,12.75727,43.25771,158.5,11.9,157,0,9632789,"XIN HAI TONG 25","BORJ6",70,164,26,14,18,12.9,"CHINESE VESSEL/CREW","04-08 02:00"
"2024-03-26 01:27:26",636020554,12.61638,43.38712,300.0,9.5,300,0,9409247,"EUROVICTORY","D5ZS7",80,277,56,26,34,11.0,"FOR ORDERS","03-29 01:00"
"2024-03-26 01:39:08",636020759,12.74758,43.25451,155.8,12.3,156,0,9888089,"XIANG AN KOU","5LAO7",70,32,185,40,3,7.5,"WEIHAI CHINA","04-20 04:00"
"2024-03-26 01:53:29",477826500,12.74842,43.25910,153.1,12.1,153,0,9442770,"FAR EASTERN MERCURY","VRGZ7",70,203,26,22,10,14.2,"IN MRM","04-01 22:30"
"2024-03-26 02:01:43",636020759,12.67614,43.28929,153.9,12.5,154,0,9888089,"XIANG AN KOU","5LAO7",70,32,185,40,3,7.5,"WEIHAI CHINA","04-20 04:00"
"2024-03-26 02:05:59",636020554,12.69503,43.32900,333.0,9.9,335,0,9409247,"EUROVICTORY","D5ZS7",80,277,56,26,34,11.0,"FOR ORDERS","03-29 01:00"
"2024-03-26 02:10:23",414534000,12.70760,43.28072,155.7,12.4,155,0,9632789,"XIN HAI TONG 25","BORJ6",70,164,26,14,18,12.9,"CHINESE VESSEL/CREW","04-08 02:00"
"2024-03-26 02:14:31",477826500,12.68084,43.29013,155.2,12.4,156,0,9442770,"FAR EASTERN MERCURY","VRGZ7",70,203,26,22,10,14.2,"IN MRM","04-01 22:30"
"2024-03-26 02:32:05",566481000,12.60685,43.40451,300.5,12.0,299,0,9713612,"EPIC SUSUI","9V2739",80,107,13,7,14,7.1,"AE FJR > SD PZU","03-27 22:00"
"2024-03-26 02:33:56",353817000,12.63960,43.35753,324.0,11.1,326,0,9083134,"ROMAN E","3EYP8",70,10,85,9,9,6.2,"SUEZ SYRIAN CREW","03-31 12:00"
"2024-03-26 03:00:17",353817000,12.71494,43.32194,335.0,11.4,336,0,9083134,"ROMAN E","3EYP8",70,10,85,9,9,6.2,"SUEZ SYRIAN CREW","03-31 12:00"
"2024-03-26 03:05:52",750301000,12.69518,43.29157,153.8,11.7,154,0,9179701,"INFINITY","8RCU3",81,0,0,0,0,11.0,"KHOR FAKKAN","04-01 12:00"
"2024-03-26 03:19:29",677090500,12.67084,43.28829,157.2,9.8,157,0,7304912,"ADEL II","5IM705",99,80,22,6,9,4.7,"BERBERA","03-27 04:00"
"2024-03-26 03:19:37",566481000,12.72480,43.31369,334.1,11.6,335,0,9713612,"EPIC SUSUI","9V2739",80,107,13,7,14,7.1,"AE FJR > SD PZU","03-27 22:00"
"2024-03-26 03:35:17",538005308,12.60761,43.41163,300.6,12.9,298,0,9504607,"SAFEEN PRIME","V7CR2",71,188,21,12,18,11.6,"SAJED","03-29 15:00"
"2024-03-26 04:01:12",677090500,12.58146,43.35508,123.5,9.9,119,0,7304912,"ADEL II","5IM705",99,80,22,6,9,4.7,"BERBERA","03-27 04:00"
"2024-03-26 04:05:26",538005308,12.68451,43.34134,333.0,12.7,333,0,9504607,"SAFEEN PRIME","V7CR2",71,188,21,12,18,11.6,"SAJED","03-29 15:00"
"2024-03-26 04:05:48",477016200,12.60482,43.41050,297.1,12.7,297,0,9651955,"HAN REN","VRLK5",70,122,24,6,19,8.3,"CHN VESL ALL CHINESE","03-29 17:15"
"2024-03-26 04:16:05",677030700,12.75744,43.24779,156.5,9.0,511,0,7223041,"LADY RASHA","5IM407",99,75,5,8,6,4.4,"BERBERA","03-26 16:00"
"2024-03-26 04:22:11",355489000,12.60382,43.39837,301.0,11.7,300,0,9270919,"MARINA S","HPTR",70,150,27,14,14,9.8,"YE HOD","03-26 23:00"
"2024-03-26 04:34:14",256617000,12.62505,43.37731,301.1,11.2,302,0,9660097,"PANEMORFI","9HA5907",70,178,22,16,16,10.1,"RU LED","04-16 20:00"
"2024-03-26 04:47:27",511100931,12.73667,43.26442,154.4,11.6,155,0,9183295,"NEON","T8A4154",80,198,46,24,18,14.9,"VADINAR.INDIA","04-01 14:30"
"2024-03-26 04:48:56",355297000,12.61792,43.37497,303.4,15.6,300,0,9073701,"SANG SHIN","3FUX9",70,29,150,24,8,8.9,"VL NO CONTACT ISRAEL","03-29 19:00"
"2024-03-26 05:01:41",477016200,12.76134,43.29340,331.7,13.0,337,0,9651955,"HAN REN","VRLK5",70,122,24,6,19,8.3,"CHN VESL ALL CHINESE","03-29 17:15"
"2024-03-26 05:04:00",355297000,12.67210,43.33304,329.5,15.6,326,0,9073701,"SANG SHIN","3FUX9",70,29,150,24,8,8.9,"VL NO CONTACT ISRAEL","03-29 19:00"
"2024-03-26 05:05:17",511100931,12.68338,43.28803,156.8,11.5,157,0,9183295,"NEON","T8A4154",80,198,46,24,18,14.9,"VADINAR.INDIA","04-01 14:30"
"2024-03-26 05:05:37",677030700,12.64374,43.30341,149.1,8.8,511,0,7223041,"LADY RASHA","5IM407",99,75,5,8,6,4.4,"BERBERA","03-26 16:00"
"2024-03-26 05:07:32",355489000,12.72057,43.31468,335.0,11.9,334,0,9270919,"MARINA S","HPTR",70,150,27,14,14,9.8,"YE HOD","03-26 23:00"
"2024-03-26 05:08:29",620999375,12.60939,43.40335,297.9,12.7,511,0,9237228,"RHEA","D6A3375",80,203,36,23,19,8.2,"ARMED GUARDS ONBOARD","03-31 08:00"
"2024-03-26 05:19:35",256617000,12.74986,43.30668,331.5,11.8,335,0,9660097,"PANEMORFI","9HA5907",70,178,22,16,16,10.1,"RU LED","04-16 20:00"
"2024-03-26 06:03:07",626285000,12.75703,43.25672,155.0,12.1,157,0,9257022,"LACONIA","TRAT9",80,213,26,21,21,14.7,"ARMED GUARDS","03-27 14:00"
"2024-03-26 06:22:12",352002356,12.70996,43.26770,156.6,13.9,161,0,9159646,"SHUN LONG","3E2286",70,147,37,12,16,9.8,"ALL CHINESE CREW","03-31 13:00"
"2024-03-26 06:58:14",352001694,12.62087,43.38013,305.0,14.9,308,0,9281152,"AQUILA II","3E2714",80,230,44,24,24,9.3,"CHINESE OWNER CREW","03-30 21:00"
"2024-03-26 07:00:08",352001694,12.62545,43.37463,313.0,14.9,315,0,9281152,"AQUILA II","3E2714",80,230,44,24,24,9.3,"CHINESE OWNER CREW","03-30 21:00"
"2024-03-26 07:02:05",626285000,12.59363,43.35153,116.0,11.7,118,0,9257022,"LACONIA","TRAT9",80,213,26,21,21,14.7,"ARMED GUARDS","03-27 14:00"
"2024-03-26 07:03:54",352002356,12.58220,43.35631,122.0,13.7,126,0,9159646,"SHUN LONG","3E2286",70,147,37,12,16,9.8,"ALL CHINESE CREW","03-31 13:00"
"2024-03-26 07:16:27",636023557,12.74021,43.26270,154.6,11.3,155,0,9298375,"OLYMPIC FLAME","5LOH2",82,131,34,17,7,9.7,"ARMED GUARDS ONBOARD","04-01 07:00"
"2024-03-26 08:17:37",636023557,12.58417,43.35946,118.9,11.2,117,0,9298375,"OLYMPIC FLAME","5LOH2",82,131,34,17,7,9.7,"ARMED GUARDS ONBOARD","04-01 07:00"
"2024-03-26 10:27:36",352390000,12.67620,43.29722,154.0,11.1,155,0,9278806,"GUTIAN LOYAL","H9FD",70,162,27,10,22,12.4,"S/G O/B ALL CHINESE","04-22 10:00"
"2024-03-26 10:55:02",563164800,12.61571,43.39020,297.2,14.5,296,0,9436434,"GFS PRECIOUS","9V8223",0,179,52,6,26,12.8,"JEDDAH","03-28 08:00"
"2024-03-26 11:15:20",563164800,12.67489,43.33788,334.0,14.0,333,0,9436434,"GFS PRECIOUS","9V8223",0,179,52,6,26,12.8,"JEDDAH","03-28 08:00"
"2024-03-26 11:33:53",371997000,12.60514,43.40912,302.6,11.4,300,0,9127667,"TONDA SOURCE","HP7673",81,156,32,15,14,7.5,"YE HOD","03-27 05:00"
"2024-03-26 12:04:44",371997000,12.67052,43.34553,335.7,10.6,334,0,9127667,"TONDA SOURCE","HP7673",81,156,32,15,14,7.5,"YE HOD","03-27 05:00"
"2024-03-26 12:29:13",677026300,12.72085,43.27403,154.1,11.8,511,0,7819876,"AL KHDAIR","5IM363",79,83,0,0,14,4.2,"ALL CREW SYRIAN","03-27 18:00"
"2024-03-26 13:11:21",677026300,12.60435,43.34142,122.9,11.4,511,0,7819876,"AL KHDAIR","5IM363",79,83,0,0,14,4.2,"ALL CREW SYRIAN","03-27 18:00"
"2024-03-26 13:16:10",613519601,12.75788,43.24913,157.1,7.4,156,0,9133393,"ANGELO 2","TJM0084",89,100,20,7,6,4.3,"BERBERA","03-28 03:00"
"2024-03-26 13:54:11",636016709,12.60713,43.40467,305.4,12.2,305,0,9725732,"YANGZE 8","D5HJ8",70,170,30,16,17,7.4,"CHINESE VSL AND CREW","03-28 23:00"
"2024-03-26 13:54:13",511101228,12.74183,43.26528,156.0,8.0,158,0,9140451,"SEA ROCK","T8A4507",82,112,26,17,5,5.8,"MUQADISHU SOMALIA","04-02 12:00"
"2024-03-26 14:01:40",613519601,12.67090,43.28960,156.1,7.3,159,0,9133393,"ANGELO 2","TJM0084",89,100,20,7,6,4.3,"BERBERA","03-28 03:00"
"2024-03-26 14:12:34",636016709,12.64812,43.35850,312.7,11.9,315,0,9725732,"YANGZE 8","D5HJ8",70,170,30,16,17,7.4,"CHINESE VSL AND CREW","03-28 23:00"
"2024-03-26 14:14:46",511101228,12.69762,43.28388,149.0,8.4,155,0,9140451,"SEA ROCK","T8A4507",82,112,26,17,5,5.8,"MUQADISHU SOMALIA","04-02 12:00"
"2024-03-26 14:14:55",538005501,12.60122,43.40065,297.0,12.3,297,0,9290397,"KRITI VIGOR","V7EN7",80,224,50,24,24,16.5,"GR AGT","04-02 23:00"
"2024-03-26 15:00:04",613519601,12.58355,43.35753,123.6,6.8,123,0,9133393,"ANGELO 2","TJM0084",89,100,20,7,6,4.3,"BERBERA","03-28 03:00"
"2024-03-26 15:00:10",518998877,12.74508,43.25868,154.0,13.1,156,0,9394935,"OCEAN AMZ","E5U4857",89,208,42,16,28,14.1,"IND/ARM GUARDS ONBOA","03-04 06:00"
"2024-03-26 15:00:12",538005501,12.71695,43.30988,331.0,12.3,334,0,9290397,"KRITI VIGOR","V7EN7",80,224,50,24,24,16.5,"GR AGT","04-02 23:00"
"2024-03-26 15:00:16",511101228,12.61027,43.33690,127.0,7.6,123,0,9140451,"SEA ROCK","T8A4507",82,112,26,17,5,5.8,"MUQADISHU SOMALIA","04-02 12:00"
"2024-03-26 15:15:00",374309000,12.74411,43.25015,151.7,11.4,152,0,9230191,"YASAR KEMAL","HOVK",70,169,20,25,7,12.0,"ALL CREW MUSLIM/TURK","04-08 06:00"
"2024-03-26 15:15:09",668116204,12.75873,43.25273,156.0,9.4,511,0,9015797,"AMBER M","S9A5",70,78,20,5,13,7.8,"BERBERA","03-27 12:00"
"2024-03-26 15:24:10",636021970,12.75970,43.25357,165.0,11.6,169,0,9554042,"ASL ILEANA","5LGO7",70,163,27,21,11,12.8,"CHINA CREW ARM GUARD","04-04 06:30"
"2024-03-26 15:26:36",215390000,12.72628,43.24728,157.0,14.5,157,0,9480473,"ECE NUR BAYRAKTAR","9HA2719",79,163,27,23,9,12.4,"A/GRD O\B TURK CREW","04-07 12:00"
"2024-03-26 15:55:37",477833700,12.63028,43.37741,304.1,16.2,306,0,9935959,"CUL YANGPU","VRUT8",70,132,40,9,19,10.2,"CHINA VSL&CHINA CREW","03-28 07:00"
"2024-03-26 16:00:01",374309000,12.61746,43.31872,150.0,11.0,151,0,9230191,"YASAR KEMAL","HOVK",70,169,20,25,7,12.0,"ALL CREW MUSLIM/TURK","04-08 06:00"
"2024-03-26 16:00:01",668116204,12.65243,43.30430,151.7,9.0,511,0,9015797,"AMBER M","S9A5",70,78,20,5,13,7.8,"BERBERA","03-27 12:00"
"2024-03-26 16:00:04",477833700,12.64628,43.36544,328.3,15.9,326,0,9935959,"CUL YANGPU","VRUT8",70,132,40,9,19,10.2,"CHINA VSL&CHINA CREW","03-28 07:00"
"2024-03-26 16:00:06",215390000,12.60518,43.30805,145.0,14.0,146,0,9480473,"ECE NUR BAYRAKTAR","9HA2719",79,163,27,23,9,12.4,"A/GRD O\B TURK CREW","04-07 12:00"
"2024-03-26 16:00:29",636021970,12.64653,43.29338,156.0,11.6,158,0,9554042,"ASL ILEANA","5LGO7",70,163,27,21,11,12.8,"CHINA CREW ARM GUARD","04-04 06:30"
"2024-03-26 16:22:22",538006517,12.60979,43.39993,296.3,13.7,296,0,9489297,"OLYMPIC SKY","V7NZ2",80,202,42,16,26,8.2,"ARMED GUARDS ONBOARD","03-30 16:00"
"2024-03-26 17:03:27",538006517,12.73521,43.30874,331.3,14.2,334,0,9489297,"OLYMPIC SKY","V7NZ2",80,202,42,16,26,8.2,"ARMED GUARDS ONBOARD","03-30 16:00"
"2024-03-26 17:23:48",339301080,12.66213,43.34500,336.4,12.4,335,0,8017970,"ADEL I","6YTA3",70,24,94,9,10,7.6,"JEDDAH","03-28 18:00"
"2024-03-26 17:28:34",355236000,12.69799,43.28088,155.3,10.0,154,0,9228083,"OPHELIA","3FWZ6",70,170,20,20,12,11.9,"INKRK(CHINSE OWNER)","04-05 00:30"
"2024-03-26 18:07:10",355236000,12.60614,43.33011,120.2,9.0,120,0,9228083,"OPHELIA","3FWZ6",70,170,20,20,12,11.9,"INKRK(CHINSE OWNER)","04-05 00:30"
"2024-03-26 18:13:29",373020000,12.72945,43.26853,158.4,10.0,157,0,9599406,"HEROIC","3EVF4",70,160,30,10,22,12.6,"SG SIN ALL CHINESE","04-11 19:30"
"2024-03-26 18:35:19",403624001,12.74864,43.25774,152.8,12.4,156,0,9783681,"LAWHAH","HZMT",80,279,53,28,32,10.7,"AEKLF","01-04 09:00"
"2024-03-26 18:44:23",636022803,12.73578,43.26877,156.8,11.5,155,0,9406714,"ANCHOR 18","5LKN5",80,135,29,16,7,5.3,"FJR -CHINA SHIP CREW","04-01 09:00"
"2024-03-26 19:00:28",403624001,12.67064,43.29690,153.5,12.3,157,0,9783681,"LAWHAH","HZMT",80,279,53,28,32,10.7,"AEKLF","01-04 09:00"
"2024-03-26 19:05:14",636022803,12.67402,43.29702,153.6,11.3,155,0,9406714,"ANCHOR 18","5LKN5",80,135,29,16,7,5.3,"FJR -CHINA SHIP CREW","04-01 09:00"
"2024-03-26 19:07:36",373020000,12.59742,43.34001,144.4,9.6,396,0,9599406,"HEROIC","3EVF4",70,160,30,10,22,12.6,"SG SIN ALL CHINESE","04-11 19:30"
"2024-03-26 19:39:46",622121427,12.63288,43.36334,315.0,14.7,316,0,9208875,"WADI ALRAYAN","SSCC",70,215,0,16,16,12.2,"SUEZ","03-30 05:00"
"2024-03-26 19:47:24",636018372,12.73300,43.25733,155.0,11.2,154,0,9574406,"PEACE ARK","D5PK4",70,195,34,20,18,14.0,"KRISHNAPATNAM","04-07 06:00"
"2024-03-26 19:55:12",352002534,12.63997,43.35908,335.3,13.9,335,0,9139921,"XIN HE LU 2","3E3891",70,192,62,20,12,9.9,"ARM GUARD OB CNCREW","03-30 10:00"
"2024-03-26 20:08:48",622121427,12.74351,43.30972,335.6,15.4,333,0,9208875,"WADI ALRAYAN","SSCC",70,215,0,16,16,12.2,"SUEZ","03-30 05:00"
"2024-03-26 20:10:13",352002534,12.69364,43.33395,334.4,14.1,333,0,9139921,"XIN HE LU 2","3E3891",70,192,62,20,12,9.9,"ARM GUARD OB CNCREW","03-30 10:00"
"2024-03-26 20:17:54",636018372,12.64600,43.29800,156.0,11.1,154,0,9574406,"PEACE ARK","D5PK4",70,195,34,20,18,14.0,"KRISHNAPATNAM","04-07 06:00"
"2024-03-26 20:18:46",671882000,12.74128,43.26473,158.4,10.9,154,0,7504158,"TRUST 1","5VEV4",70,65,17,7,6,4.6,"BERBERA","03-27 17:00"
"2024-03-26 20:25:08",477961500,12.60822,43.38960,299.0,12.5,301,0,9592886,"CI YUN SHAN","VRHK7",70,161,28,16,16,10.7,"SUEZ;ALL CHINESE","03-31 01:00"
"2024-03-26 21:07:57",636021831,12.64284,43.35791,321.3,18.9,325,0,9571313,"CUL MANILA","5LFW9",71,173,39,16,17,10.8,"CHN VSL ALLCREW CHN","03-29 16:00"
"2024-03-26 21:17:40",477961500,12.76570,43.29538,335.0,13.1,336,0,9592886,"CI YUN SHAN","VRHK7",70,161,28,16,16,10.7,"SUEZ;ALL CHINESE","03-31 01:00"
"2024-03-26 22:28:43",352002926,12.59051,43.34693,121.9,12.0,119,0,9388766,"DESTAN","3E4686",84,204,41,39,3,11.0,"]EDDAH>SGSIN","04-09 02:00"
"2024-03-26 22:33:48",352003066,12.70343,43.27167,156.3,15.0,158,0,9178525,"HONG CHANG SHENG","3E6614",70,150,44,22,10,9.7,"CHINESE SHIP","04-13 22:00"
"2024-03-26 22:47:06",312562000,12.72002,43.31988,332.0,9.2,334,8,9180334,"FLORA","V3WP2",70,129,25,13,13,9.6,"SUEZ","01-04 12:00"
"2024-03-26 23:12:35",370355000,12.64593,43.35554,334.8,14.5,337,0,9385685,"GAS ALKHALEEJ","3ESM3",80,182,43,13,23,7.5,"SAYNB","03-29 07:00"
"2024-03-26 23:14:02",352003066,12.57852,43.37114,117.0,15.2,119,0,9178525,"HONG CHANG SHENG","3E6614",70,150,44,22,10,9.7,"CHINESE SHIP","04-13 22:00"
"2024-03-26 23:45:52",518998676,12.62081,43.38209,298.3,12.7,299,0,9288899,"ROCKY RUNNER","E5U4656",80,260,14,23,24,9.5,"ARMS GUARDS ONBOARD:","03-31 02:00"
"2024-03-26 23:52:17",352001911,12.68152,43.28998,153.0,13.0,156,0,9299721,"CEPHEUS","3E3724",80,204,40,24,18,14.8,"CHINA CREW","04-17 18:00"
"2024-03-27 00:00:53",518998676,12.65777,43.34634,335.8,12.5,335,0,9288899,"ROCKY RUNNER","E5U4656",80,260,14,23,24,9.5,"ARMS GUARDS ONBOARD:","03-31 02:00"
"2024-03-27 00:02:58",248110000,12.60000,43.40333,295.0,13.0,511,0,9286621,"TRAMP LADY","9HA4520",70,198,27,19,13,14.1,"RU NVS","04-05 15:30"
"2024-03-27 00:11:53",352001911,12.61592,43.32115,151.0,13.1,151,0,9299721,"CEPHEUS","3E3724",80,204,40,24,18,14.8,"CHINA CREW","04-17 18:00"
"2024-03-27 00:57:31",352002382,12.63520,43.37325,304.0,12.1,307,0,9228655,"LUCIA A","3E3851",80,232,42,26,22,9.2,"SUEZ","03-30 21:00"
"2024-03-27 01:05:07",352002382,12.65233,43.35405,328.0,12.0,333,0,9228655,"LUCIA A","3E3851",80,232,42,26,22,9.2,"SUEZ","03-30 21:00"
"2024-03-27 01:34:48",413701060,12.63986,43.35699,333.3,12.4,333,0,9144316,"JINSHUNHE","BPES2",70,167,38,20,7,10.3,"SAJEDALLCREWCHINESE","03-28 22:30"
"2024-03-27 01:45:09",248110000,12.72964,43.31354,334.3,13.5,334,0,9286621,"TRAMP LADY","9HA4520",70,198,27,19,13,14.1,"RU NVS","04-05 15:30"
"2024-03-27 02:10:47",636019329,12.60396,43.39592,297.6,11.1,297,0,9314064,"DEYI EXCELLENCE","D5UA3",70,0,0,0,0,9.1,"CHINA VSL.CHINA CREW","03-31 16:00"
"2024-03-27 02:45:54",352001522,12.60126,43.40778,297.1,9.9,296,0,9410234,"AFRODITA I","3E2533",80,275,58,30,30,11.0,"EGSUZ RUS&INDIAN","04-01 10:00"
"2024-03-27 02:49:25",477049200,12.66857,43.34248,335.3,9.9,334,0,9401025,"CANOPUS","VRDI5",80,159,26,19,13,12.0,"SA YNB","03-30 04:00"
"2024-03-27 03:01:26",352001522,12.62082,43.36753,299.4,10.3,303,0,9410234,"AFRODITA I","3E2533",80,275,58,30,30,11.0,"EGSUZ RUS&INDIAN","04-01 10:00"
"2024-03-27 03:02:24",636019329,12.73279,43.30817,333.4,11.3,333,0,9314064,"DEYI EXCELLENCE","D5UA3",70,0,0,0,0,9.1,"CHINA VSL.CHINA CREW","03-31 16:00"
"2024-03-27 03:03:35",477049200,12.70508,43.32467,333.7,10.3,334,0,9401025,"CANOPUS","VRDI5",80,159,26,19,13,12.0,"SA YNB","03-30 04:00"
"2024-03-27 03:35:54",477925700,12.75958,43.25330,153.9,12.2,152,0,9533361,"JIA RUN","VRGQ6",79,162,28,14,18,12.5,"ALL CHINA CREW","04-09 10:00"
"2024-03-27 04:06:24",477925700,12.66423,43.29891,153.3,12.4,155,0,9533361,"JIA RUN","VRGQ6",79,162,28,14,18,12.5,"ALL CHINA CREW","04-09 10:00"
"2024-03-27 05:21:31",636022416,12.73391,43.26151,153.2,11.2,153,0,9458779,"LC PORTHOS","5LIR4",70,197,32,18,20,14.2,"ARMED GUARDS ONBOARD","04-12 00:30"
"2024-03-27 06:03:39",636022416,12.61459,43.32173,150.3,11.1,150,0,9458779,"LC PORTHOS","5LIR4",70,197,32,18,20,14.2,"ARMED GUARDS ONBOARD","04-12 00:30"
"2024-03-27 07:28:46",750305000,12.62956,43.36096,309.3,8.5,511,0,9192258,"RUBY","8RCW3",80,248,0,21,22,13.8,"SUEZ","04-02 01:00"
"2024-03-27 08:14:45",750305000,12.73347,43.31042,336.5,9.3,511,0,9192258,"RUBY","8RCW3",80,248,0,21,22,13.8,"SUEZ","04-02 01:00"
"2024-03-27 08:25:26",372839000,12.60562,43.40950,299.9,13.2,300,0,9208069,"STELLAR BEVERLY","3ETN4",80,229,44,24,24,8.5,"PORT SUEZ","04-01 12:00"
"2024-03-27 08:39:23",352002861,12.61202,43.39877,299.6,13.3,300,0,9589750,"LI BAI","3E4641",80,231,43,26,22,9.0,"RUNVS","04-08 06:00"
"2024-03-27 09:01:05",352002861,12.66715,43.34309,336.9,13.2,336,0,9589750,"LI BAI","3E4641",80,231,43,26,22,9.0,"RUNVS","04-08 06:00"
"2024-03-27 10:41:40",636019773,12.62407,43.31592,156.1,10.0,152,0,9493511,"MAROULIO S","D5WC2",70,193,32,9,23,12.7,"ARMGUARD ONBOARD","04-09 19:30"
"2024-03-27 10:57:19",477846100,12.59734,43.39426,297.2,13.2,297,0,9919723,"THERESA DUA","VRUW6",80,147,36,9,23,13.1,"SUEZ","03-31 10:00"
"2024-03-27 11:19:00",477846100,12.65286,43.33670,332.6,13.4,334,0,9919723,"THERESA DUA","VRUW6",80,147,36,9,23,13.1,"SUEZ","03-31 10:00"
"2024-03-27 11:49:09",352002003,12.60753,43.40495,301.6,13.7,300,0,9290309,"THEA","3E2173",80,203,41,16,26,8.0,"CHINA CREW","03-31 12:30"
"2024-03-27 12:01:54",371397000,12.73386,43.26823,155.7,12.6,154,0,9593828,"ZHENG RONG","HP2834",70,199,30,18,14,12.7,"CHINASHIP/CREW.GUARD","03-26 10:00"
"2024-03-27 12:10:03",352002003,12.65704,43.34365,337.5,13.9,338,0,9290309,"THEA","3E2173",80,203,41,16,26,8.0,"CHINA CREW","03-31 12:30"
"2024-03-27 12:32:00",244630903,12.67524,43.31562,338.4,5.1,511,15,0,"RAMBLER","PB2274",36,10,3,1,3,0.0,"",""
"2024-03-27 12:41:01",503020590,12.75815,43.27815,331.5,6.0,511,15,0,"RENAISSANCE III","RW678",97,7,10,1,3,0.0,"",""
"2024-03-27 12:41:50",620963000,12.78124,43.36864,357.1,6.5,511,15,0,"ALSHAHAB  1301107","D6A2974",20,32,11,5,3,0.0,"","01-01 01:01"
"2024-03-27 13:02:59",244630903,12.71036,43.30029,342.7,4.3,511,15,0,"RAMBLER","PB2274",36,10,3,1,3,0.0,"",""
"2024-03-27 13:29:02",229027000,12.74489,43.26336,154.8,12.6,153,0,9628104,"PANOREA","9HA3005",70,199,30,8,24,13.5,"GUARD OB.RUSSIA CRGO","04-02 12:00"
"2024-03-27 13:29:58",352002003,12.73194,43.31211,333.1,14.1,333,0,9290309,"THEA","3E2173",80,203,41,16,26,8.0,"CHINA CREW","03-31 12:30"
"2024-03-27 13:30:52",371397000,12.63843,43.31458,154.0,12.5,154,0,9593828,"ZHENG RONG","HP2834",70,199,30,18,14,12.7,"CHINASHIP/CREW.GUARD","03-26 10:00"
"2024-03-27 13:55:43",352001823,12.75295,43.25265,156.0,12.7,154,0,9308077,"TYCHE 1","3E2739",80,231,44,20,28,15.0,"INSIK","04-02 12:00"
"2024-03-27 14:06:19",229027000,12.62702,43.32266,152.7,12.4,154,0,9628104,"PANOREA","9HA3005",70,199,30,8,24,13.5,"GUARD OB.RUSSIA CRGO","04-02 12:00"
"2024-03-27 14:10:52",352001823,12.70349,43.27518,154.1,12.9,153,0,9308077,"TYCHE 1","3E2739",80,231,44,20,28,15.0,"INSIK","04-02 12:00"
"2024-03-27 14:28:32",354380000,12.71463,43.27470,155.5,10.1,154,0,9121869,"SIDRA HALIMA","3FCM3",70,92,8,15,3,6.8,"ADEM EGYPTIAN CREW","03-27 23:00"
"2024-03-27 14:37:52",671781000,12.61007,43.40275,301.8,8.5,511,0,6422303,"ALFA LIVE STOCK","5VEH8",70,57,16,12,12,4.5,"JEDDAH _SYRIAN/CREW","03-30 12:00"
"2024-03-27 14:55:38",352003305,12.72632,43.26895,157.0,13.2,154,0,9297888,"CORDELIA MOON","3E7468",80,230,44,30,20,14.8,"SIKKA_INDIA","04-02 20:00"
"2024-03-27 15:02:13",248344000,12.62059,43.39507,301.6,11.3,306,0,1008205,"IDOL","9HA4615",37,25,35,5,6,2.8,"NO LINK TO ISR UK US","04-02 18:00"
"2024-03-27 15:05:50",354380000,12.62176,43.32112,152.3,9.7,153,0,9121869,"SIDRA HALIMA","3FCM3",70,92,8,15,3,6.8,"ADEM EGYPTIAN CREW","03-27 23:00"
"2024-03-27 15:10:47",352003305,12.67595,43.29148,156.0,13.0,155,0,9297888,"CORDELIA MOON","3E7468",80,230,44,30,20,14.8,"SIKKA_INDIA","04-02 20:00"
"2024-03-27 15:30:29",636093188,12.61240,43.39543,301.0,11.0,303,0,9471252,"BLUE SPIRIT","5LIK3",70,194,35,9,23,14.6,"EG SUZ","03-31 12:00"
"2024-03-27 16:04:51",273389770,12.66260,43.34123,334.6,12.4,335,0,8520496,"ORION-1","UCET",70,71,23,5,7,5.0,"MKK RUS ARMED GUARD","04-25 12:00"
"2024-03-27 16:10:18",636093188,12.71362,43.32218,330.0,12.1,331,0,9471252,"BLUE SPIRIT","5LIK3",70,194,35,9,23,14.6,"EG SUZ","03-31 12:00"
"2024-03-27 16:45:15",572158220,12.61045,43.39730,301.4,15.2,301,0,9155016,"X PRESS KOHIMA","T2FH5",75,133,35,24,8,8.6,"SAJED","03-29 12:00"
"2024-03-27 17:36:20",341471001,12.66938,43.28760,162.0,4.1,160,0,8903155,"PEACELAND","V4TJ5",70,130,39,13,13,5.3,"AEDXB","04-11 08:00"
"2024-03-27 17:49:33",563168200,12.64083,43.35536,316.1,17.4,322,0,9875379,"X-PRESS ALTAIR","9V8346",71,181,18,12,23,11.3,"JEDDAH/3ARM GAR.ON B","03-29 09:00"
"2024-03-27 17:52:33",304563000,12.74660,43.25788,154.1,9.7,154,0,9131101,"CALYPSO GAS","  V2YC2",80,0,0,0,0,5.0,"KHORFAKKAN","03-31 01:00"
"2024-03-27 18:05:11",341471001,12.63981,43.29919,156.4,3.8,153,0,8903155,"PEACELAND","V4TJ5",70,130,39,13,13,5.3,"AEDXB","04-11 08:00"
"2024-03-27 18:06:45",563168200,12.71612,43.31589,333.5,17.9,333,0,9875379,"X-PRESS ALTAIR","9V8346",71,181,18,12,23,11.3,"JEDDAH/3ARM GAR.ON B","03-29 09:00"
"2024-03-27 18:07:21",572242220,12.71650,43.28442,155.8,10.4,157,0,9278507,"BREEZE","T2JT5",88,149,34,22,10,10.9,"RUS CARGO ONBOARD","04-02 10:00"
"2024-03-27 18:10:27",622112802,12.75428,43.24469,156.1,10.3,158,0,9161182,"ELREEDY STAR","6ALJ",70,138,16,13,11,8.5,"DJ JIB","03-28 02:00"
"2024-03-27 18:11:57",636015928,12.69200,43.27400,153.0,10.9,154,0,9416408,"TENACITY","D5DN7",89,150,32,13,19,8.1,"IRBND","04-01 21:00"
"2024-03-27 18:15:06",376985000,12.61677,43.32866,152.9,9.6,152,0,9128116,"BOS BOUTROS","J8B5936",70,139,28,13,13,10.4,"IN HZR (SYRIAN CREW)","04-03 08:00"
"2024-03-27 18:15:22",626420000,12.64620,43.35462,321.0,15.3,324,0,9316127,"SCF VANKOR","TRBL3",80,233,47,28,22,9.2,"PARADIP-RUSSIA","04-01 03:00"
"2024-03-27 18:18:28",304563000,12.68260,43.28961,153.8,9.6,153,0,9131101,"CALYPSO GAS","  V2YC2",80,0,0,0,0,5.0,"KHORFAKKAN","03-31 01:00"
"2024-03-27 19:00:01",341471001,12.59982,43.33627,139.7,3.1,140,0,8903155,"PEACELAND","V4TJ5",70,130,39,13,13,5.3,"AEDXB","04-11 08:00"
"2024-03-27 19:00:26",572242220,12.59187,43.36146,114.0,9.8,115,0,9278507,"BREEZE","T2JT5",88,149,34,22,10,10.9,"RUS CARGO ONBOARD","04-02 10:00"
"2024-03-27 19:00:45",636015928,12.57767,43.35567,122.0,10.4,123,0,9416408,"TENACITY","D5DN7",89,150,32,13,19,8.1,"IRBND","04-01 21:00"
"2024-03-27 19:01:38",304563000,12.58690,43.34380,116.8,9.2,119,0,9131101,"CALYPSO GAS","  V2YC2",80,0,0,0,0,5.0,"KHORFAKKAN","03-31 01:00"
"2024-03-27 19:04:04",622112802,12.62142,43.30607,157.5,9.4,152,0,9161182,"ELREEDY STAR","6ALJ",70,138,16,13,11,8.5,"DJ JIB","03-28 02:00"
"2024-03-27 21:22:27",227424830,12.69006,43.25102,331.4,8.2,511,15,0,"SCUBALIBRE","",36,6,6,2,2,0.0,"B 2 A",""
"2024-03-27 21:22:49",512006340,12.66653,43.22808,315.6,8.2,511,15,0,"SV MOLLIE","ZMX3029",36,13,5,2,3,0.0,"",""
"2024-03-27 21:23:54",636018917,12.61460,43.39102,299.4,14.9,299,0,9410648,"EUROINTEGRITY","A8RO4",80,203,41,23,19,8.3,"ARMED GUARD ONBOARD","04-01 00:00"
"2024-03-27 21:38:08",368073860,12.64422,43.33421,330.6,7.3,511,15,0,"VELA DARE","WDK6369",36,9,3,2,2,0.0,"",""
"2024-03-27 22:02:10",636018917,12.74606,43.30519,334.3,15.0,334,0,9410648,"EUROINTEGRITY","A8RO4",80,203,41,23,19,8.3,"ARMED GUARD ONBOARD","04-01 00:00"
"2024-03-27 22:08:38",368073860,12.70327,43.30597,336.8,8.3,511,15,0,"VELA DARE","WDK6369",36,9,3,2,2,0.0,"",""
"2024-03-27 22:12:17",371731000,12.74685,43.23586,157.0,10.4,157,0,9313761,"ARSOS M","H9VP",89,148,32,20,12,11.2,"ARMGUARD ONBOARD","04-09 02:00"
"2024-03-27 22:19:21",461000039,12.63929,43.35728,329.3,14.8,330,0,8604058,"ALNAEMA","A4AA31",30,25,70,14,2,6.5,"ARMED GUARD ON BOARD","05-30 24:60"
"2024-03-27 23:00:33",477353500,12.62380,43.37015,300.0,13.6,301,0,9602980,"GLORY SEA","VRIU7",70,162,27,12,20,11.8,"CHA VSL CHA CREW","03-29 08:00"
"2024-03-27 23:06:35",626315000,12.74927,43.25508,155.0,10.4,157,0,9321706,"MERCURY","TRAX8",80,229,46,22,26,16.0,"ARM GUARDS ON BOARD","04-02 20:00"
"2024-03-27 23:14:06",371731000,12.58559,43.31684,117.7,10.7,119,0,9313761,"ARSOS M","H9VP",89,148,32,20,12,11.2,"ARMGUARD ONBOARD","04-09 02:00"
"2024-03-27 23:35:41",564220000,12.74303,43.26163,150.0,10.1,153,0,9300221,"THOR MERCURY","9V2557",70,172,17,19,13,12.7,"ARMED GUARD ONBOARD","04-02 08:30"
"2024-03-28 00:00:07",564220000,12.68173,43.29622,147.0,10.3,149,0,9300221,"THOR MERCURY","9V2557",70,172,17,19,13,12.7,"ARMED GUARD ONBOARD","04-02 08:30"
"2024-03-28 00:00:23",626315000,12.60360,43.32418,142.0,10.6,133,0,9321706,"MERCURY","TRAX8",80,229,46,22,26,16.0,"ARM GUARDS ON BOARD","04-02 20:00"
"2024-03-28 01:14:27",353956000,12.75039,43.25241,159.8,9.6,157,0,9219458,"FU TONG","HO8868",70,163,26,19,12,11.5,"ALL CHINESE CREW&OWN","04-22 11:00"
"2024-03-28 01:15:29",626315000,12.57930,43.36595,120.0,11.1,120,0,9321706,"MERCURY","TRAX8",80,229,46,22,26,16.0,"ARM GUARDS ON BOARD","04-02 20:00"
"2024-03-28 01:15:32",352003497,12.60281,43.41276,299.2,14.6,300,0,9346873,"AQUARIUS II","3E5156",80,214,32,22,20,8.0,"ALL CHINESE CREW","04-01 20:00"
"2024-03-28 01:15:33",564220000,12.63992,43.32042,149.0,10.5,149,0,9300221,"THOR MERCURY","9V2557",70,172,17,19,13,12.7,"ARMED GUARD ONBOARD","04-02 08:30"
"2024-03-28 01:51:16",355701000,12.73347,43.26240,155.5,10.4,156,0,9244221,"LUCKY JASON","H9DR",70,193,32,14,18,13.5,"ALL CHINESE CREW","04-16 03:00"
"2024-03-28 02:00:32",352003497,12.74335,43.30586,334.7,14.3,335,0,9346873,"AQUARIUS II","3E5156",80,214,32,22,20,8.0,"ALL CHINESE CREW","04-01 20:00"
"2024-03-28 02:00:46",355701000,12.70860,43.27370,155.9,10.5,156,0,9244221,"LUCKY JASON","H9DR",70,193,32,14,18,13.5,"ALL CHINESE CREW","04-16 03:00"
"2024-03-28 02:00:48",538008413,12.60838,43.40687,299.0,14.8,300,0,9218844,"GULF TRADER","V7A2329",70,199,26,22,10,7.3,"RUSSIA KAVKAZ","04-07 12:00"
"2024-03-28 02:03:50",353956000,12.62749,43.30909,147.7,9.9,144,0,9219458,"FU TONG","HO8868",70,163,26,19,12,11.5,"ALL CHINESE CREW&OWN","04-22 11:00"
"2024-03-28 02:31:05",356564000,12.74378,43.25747,154.0,9.5,156,8,9300958,"BOHWA AMOY","H9OW",70,86,15,9,10,7.8,"CHINA OWNER SHIP","04-04 20:00"
"2024-03-28 02:55:16",511100773,12.61967,43.38973,298.9,12.8,298,0,9247883,"ELZA","T8A3978",80,204,40,17,24,8.0,"PORT SUEZ","04-01 08:00"
"2024-03-28 03:00:37",356564000,12.67100,43.29160,155.0,9.7,156,8,9300958,"BOHWA AMOY","H9OW",70,86,15,9,10,7.8,"CHINA OWNER SHIP","04-04 20:00"
"2024-03-28 03:09:55",511100773,12.65127,43.35288,336.1,11.1,335,0,9247883,"ELZA","T8A3978",80,204,40,17,24,8.0,"PORT SUEZ","04-01 08:00"
"2024-03-28 03:20:15",373780000,12.60557,43.40098,299.1,12.8,300,0,9445203,"REK GRACE","3FYV6",70,144,25,19,8,9.0,"DILISKELSI","05-04 18:00"
"2024-03-28 03:50:23",626281000,12.61277,43.39790,296.0,12.1,296,0,9311531,"LEFKADA","TRAT5",80,213,26,21,21,8.5,"PORT SUEZ","04-01 15:00"
"2024-03-28 04:00:11",373780000,12.70875,43.31911,334.6,12.5,336,0,9445203,"REK GRACE","3FYV6",70,144,25,19,8,9.0,"DILISKELSI","05-04 18:00"
"2024-03-28 04:00:14",626281000,12.62650,43.36820,291.0,11.4,296,0,9311531,"LEFKADA","TRAT5",80,213,26,21,21,8.5,"PORT SUEZ","04-01 15:00"
"2024-03-28 05:00:05",538009052,12.60524,43.39879,300.1,14.2,299,0,9637428,"SSI DAUNTLESS","V7A4246",70,160,30,9,23,11.1,"TRVSL/NO REL.ISRAEL","04-08 04:30"
"2024-03-28 05:11:10",375172000,12.73728,43.26310,151.0,12.7,153,0,9363390,"LEO","J8B6502",71,150,49,22,10,10.5,"SALALAH","03-31 13:00"
"2024-03-28 05:21:14",256545000,12.75916,43.25543,156.9,9.6,159,0,9442495,"SANTA CRUZ","9HA5879",79,199,30,10,22,13.2,"ARMGUARD ONBOARD","04-04 14:00"
"2024-03-28 06:00:35",256545000,12.66275,43.29760,154.7,9.4,155,0,9442495,"SANTA CRUZ","9HA5879",79,199,30,10,22,13.2,"ARMGUARD ONBOARD","04-04 14:00"
"2024-03-28 06:08:45",375172000,12.57585,43.37900,119.0,13.1,120,0,9363390,"LEO","J8B6502",71,150,49,22,10,10.5,"SALALAH","03-31 13:00"
"2024-03-28 06:11:23",215929000,12.74713,43.25806,154.7,10.7,155,0,9309526,"CATALONIA","9HWS7",71,176,13,28,0,7.8,"AMR GUARD ONBOARD","04-02 21:30"
"2024-03-28 07:06:56",352002880,12.62951,43.36298,313.1,16.8,313,0,9182019,"STAR BLESSING","3E4658",79,139,44,19,9,8.8,"CHINA NO CALL ISRAEL","03-31 16:00"
"2024-03-28 07:11:52",215929000,12.59505,43.35128,123.1,10.9,122,0,9309526,"CATALONIA","9HWS7",71,176,13,28,0,7.8,"AMR GUARD ONBOARD","04-02 21:30"
"2024-03-28 07:42:40",357292000,12.75797,43.26239,155.8,6.7,155,0,9184847,"AZAYEZ","3FFF9",70,216,9,14,18,13.6,"BIK","04-08 06:00"
"2024-03-28 08:10:40",357292000,12.71051,43.28477,155.3,6.5,153,0,9184847,"AZAYEZ","3FFF9",70,216,9,14,18,13.6,"BIK","04-08 06:00"
"2024-03-28 09:20:03",357292000,12.59695,43.33958,120.1,6.2,113,0,9184847,"AZAYEZ","3FFF9",70,216,9,14,18,13.6,"BIK","04-08 06:00"
"2024-03-28 12:15:13",636023231,12.61135,43.38232,300.9,14.3,301,0,9446130,"CL HIBISCUS","5LMR4",70,160,30,14,18,9.7,"CHINA OWNER CREW","03-30 16:00"
"2024-03-28 12:18:19",677029000,12.73832,43.25817,153.1,7.9,152,8,7712585,"ABU YASSER II","5IM390",90,50,36,8,6,4.0,"DJIBOUTI","03-28 21:00"
"2024-03-28 13:00:05",636023231,12.76047,43.28784,334.4,13.8,335,0,9446130,"CL HIBISCUS","5LMR4",70,160,30,14,18,9.7,"CHINA OWNER CREW","03-30 16:00"
"2024-03-28 13:00:43",677029000,12.65119,43.29975,155.5,8.4,151,8,7712585,"ABU YASSER II","5IM390",90,50,36,8,6,4.0,"DJIBOUTI","03-28 21:00"
"2024-03-28 13:14:25",538009156,12.60141,43.39745,297.8,14.1,299,0,9274654,"TONDA","V7A4391",82,154,32,20,11,11.0,"OWNER&CREW CHINESE","04-01 19:00"
"2024-03-28 13:19:20",511100923,12.58468,43.36980,118.2,11.5,119,0,9232888,"KSENA","T8A4146",80,0,244,0,42,13.9,"CHINA","04-17 11:00"
"2024-03-28 13:23:55",352002439,12.61884,43.39386,300.1,15.1,299,0,9250737,"IJEMO","3E4094",80,224,45,23,23,8.5,"SUEZ CANAL / EGYPT","04-01 16:00"
"2024-03-28 13:47:56",636020990,12.73553,43.26031,156.3,14.3,156,0,9337250,"ADDISON","D5MB8",70,174,48,11,19,11.3,"ARMED GUARD ONBOARD","04-02 07:00"
"2024-03-28 14:00:03",352002439,12.74487,43.31528,335.0,14.6,333,0,9250737,"IJEMO","3E4094",80,224,45,23,23,8.5,"SUEZ CANAL / EGYPT","04-01 16:00"
"2024-03-28 14:00:54",636020990,12.68789,43.28126,157.6,14.4,157,0,9337250,"ADDISON","D5MB8",70,174,48,11,19,11.3,"ARMED GUARD ONBOARD","04-02 07:00"
"2024-03-28 14:17:15",352003068,12.72566,43.26629,154.2,11.1,155,0,9315654,"KAPOK","3E6616",80,235,39,18,30,15.0,"CHINESE OWNER & CREW","04-04 09:30"
"2024-03-28 15:01:32",352003068,12.60267,43.32852,117.1,10.5,118,0,9315654,"KAPOK","3E6616",80,235,39,18,30,15.0,"CHINESE OWNER & CREW","04-04 09:30"
"2024-03-28 15:15:23",636021872,12.60562,43.40499,297.6,12.9,297,0,9583615,"PROTECTOR ST.RAPHAEL","5LGC5",79,162,28,23,9,11.7,"NO RELATION W/ISRAEL","01-31 03:00"
"2024-03-28 16:02:02",636021872,12.73953,43.30192,332.6,13.6,333,0,9583615,"PROTECTOR ST.RAPHAEL","5LGC5",79,162,28,23,9,11.7,"NO RELATION W/ISRAEL","01-31 03:00"
"2024-03-28 17:12:05",372669000,12.62776,43.37096,300.0,13.9,296,0,9236004,"KATIUSKA","3FXO6",88,233,41,25,23,8.5,"SUEZ    CHINESE VSL","04-02 07:00"
"2024-03-28 18:14:46",403511001,12.61623,43.39347,301.0,12.4,298,0,9399272,"NCC HUDA","HZDZ",80,147,36,8,24,10.8,"SAGIZ","03-30 12:00"
"2024-03-28 18:31:27",636020275,12.60520,43.39922,299.9,16.3,299,0,9801732,"AL KARAMA","D5YM2",70,175,25,19,13,9.9,"SUEZ ADNOC GROUP","04-02 04:00"
"2024-03-28 18:46:21",403647000,12.61105,43.39204,299.1,14.7,297,0,9917892,"AMWAJ","HZKX",82,149,34,10,25,9.7,"SA JED","03-30 15:00"
"2024-03-28 19:02:34",636020275,12.72000,43.31208,332.9,17.6,332,0,9801732,"AL KARAMA","D5YM2",70,175,25,19,13,9.9,"SUEZ ADNOC GROUP","04-02 04:00"
"2024-03-28 19:02:48",403647000,12.65746,43.34215,334.4,15.6,335,0,9917892,"AMWAJ","HZKX",82,149,34,10,25,9.7,"SA JED","03-30 15:00"
"2024-03-28 19:05:11",403511001,12.75868,43.30052,333.8,12.1,330,0,9399272,"NCC HUDA","HZDZ",80,147,36,8,24,10.8,"SAGIZ","03-30 12:00"
"2024-03-28 19:48:35",248195000,12.60923,43.40212,300.4,14.3,300,0,9799616,"CYCLADES","9HA4555",70,171,28,21,11,12.0,"YESAL/ARMEDGUARD OB","03-29 19:00"
"2024-03-28 20:04:44",248195000,12.65028,43.34920,338.5,14.8,340,0,9799616,"CYCLADES","9HA4555",70,171,28,21,11,12.0,"YESAL/ARMEDGUARD OB","03-29 19:00"
"2024-03-28 20:20:52",314742000,12.60713,43.40895,299.2,13.8,298,0,9186625,"LOURA B","8PLO4",89,146,37,17,15,11.7,"YE RAI","03-29 15:00"
"2024-03-28 20:47:45",352002974,12.60391,43.40971,298.5,12.6,305,0,8910897,"GAS ORIENT","3E4726",89,162,62,12,24,12.4,"RAS ISA","03-29 22:30"
"2024-03-28 21:01:20",314742000,12.73651,43.31151,336.0,15.0,334,0,9186625,"LOURA B","8PLO4",89,146,37,17,15,11.7,"YE RAI","03-29 15:00"
"2024-03-28 21:24:38",352002974,12.70552,43.32410,333.8,13.4,336,0,8910897,"GAS ORIENT","3E4726",89,162,62,12,24,12.4,"RAS ISA","03-29 22:30"
"2024-03-28 21:39:50",422039300,12.74500,43.25800,155.0,10.4,154,0,9283019,"AZARGOUN","EPBZ7",79,190,17,15,15,7.6,"IRBND","04-03 12:00"
"2024-03-28 22:02:48",636020609,12.74993,43.25838,153.0,11.6,157,0,9307009,"YOGI","D5ZZ2",79,210,70,15,25,11.2,"CNTAO","04-15 09:00"
"2024-03-28 22:13:49",422039300,12.65316,43.30100,154.0,11.0,150,0,9283019,"AZARGOUN","EPBZ7",79,190,17,15,15,7.6,"IRBND","04-03 12:00"
"2024-03-28 23:05:36",636020609,12.57903,43.37157,119.0,12.9,121,0,9307009,"YOGI","D5ZZ2",79,210,70,15,25,11.2,"CNTAO","04-15 09:00"
"2024-03-28 23:22:45",636022259,12.61850,43.38491,302.6,15.3,301,0,9181118,"CAPT NATURE","5LHX9",70,244,45,19,26,11.7,"SUEZ, EGYPT","04-02 18:00"
"2024-03-28 23:22:48",374808000,12.59582,43.40446,304.9,10.8,309,0,9190078,"GLOBAL ACE","3FJW3",0,105,29,10,11,8.3,"HODAIDAH>INDIAN CREW","03-29 18:00"
"2024-03-28 23:33:08",538010517,12.75352,43.26274,155.5,8.3,157,0,9472098,"MESK","V7A6159",70,160,30,13,19,12.6,"ADEN YEMEN","03-29 14:30"
"2024-03-28 23:34:09",314772000,12.74398,43.25171,157.0,8.0,158,0,9412610,"TRUE FAITH","8PQO1",70,154,20,16,14,10.2,"DJ_JIB.SYRIAN CREW","03-29 07:30"
"2024-03-29 00:00:16",636022259,12.75058,43.30235,334.2,15.0,333,0,9181118,"CAPT NATURE","5LHX9",70,244,45,19,26,11.7,"SUEZ, EGYPT","04-02 18:00"
"2024-03-29 00:00:17",538010517,12.69509,43.28782,160.0,8.6,158,0,9472098,"MESK","V7A6159",70,160,30,13,19,12.6,"ADEN YEMEN","03-29 14:30"
"2024-03-29 00:03:06",374808000,12.69477,43.33110,336.9,10.9,336,0,9190078,"GLOBAL ACE","3FJW3",0,105,29,10,11,8.3,"HODAIDAH>INDIAN CREW","03-29 18:00"
"2024-03-29 00:11:09",314772000,12.66457,43.28649,156.3,8.7,154,0,9412610,"TRUE FAITH","8PQO1",70,154,20,16,14,10.2,"DJ_JIB.SYRIAN CREW","03-29 07:30"
"2024-03-29 00:20:47",341817000,12.75655,43.25468,154.6,11.7,155,0,9217022,"MARSA NEPTUNE","V4UW3",70,191,16,22,8,8.0,"DJ JIB","03-29 08:00"
"2024-03-29 01:00:24",314772000,12.57257,43.36390,119.1,9.5,119,0,9412610,"TRUE FAITH","8PQO1",70,154,20,16,14,10.2,"DJ_JIB.SYRIAN CREW","03-29 07:30"
"2024-03-29 01:02:07",341817000,12.62870,43.31445,156.8,12.7,152,0,9217022,"MARSA NEPTUNE","V4UW3",70,191,16,22,8,8.0,"DJ JIB","03-29 08:00"
"2024-03-29 02:03:00",309587000,12.73562,43.25950,157.5,10.5,157,0,9107306,"PINE ARROW","C6NZ3",70,171,19,16,15,7.6,"MY PKG","04-10 04:00"
"2024-03-29 02:05:21",371446000,12.71714,43.28980,154.6,14.1,153,0,7622041,"ZEIN 1","3EPC6",79,97,66,12,11,9.1,"IRAQ OWNER PALESTINE","04-03 17:00"
"2024-03-29 02:08:18",636020659,12.61918,43.38624,296.7,17.9,298,0,9400112,"PINOCCHIO","5LAB8",79,224,52,12,20,13.5,"UAE OWNER DONT SHOOT","04-01 16:00"
"2024-03-29 02:14:17",636015721,12.60706,43.39672,302.3,10.7,305,0,9569499,"T PROCYON","D5CK7",82,120,26,10,13,9.4,"RABIGH  CHINESE CREW","04-01 04:00"
"2024-03-29 02:15:59",352002074,12.62597,43.35633,300.7,14.3,300,0,9282508,"CAUVERI","3E3761",80,217,35,28,16,8.5,"SUEZ FOR ORDER","04-02 10:00"
"2024-03-29 03:14:46",636015721,12.74621,43.30642,334.9,10.5,337,0,9569499,"T PROCYON","D5CK7",82,120,26,10,13,9.4,"RABIGH  CHINESE CREW","04-01 04:00"
"2024-03-29 03:25:31",538002838,12.73942,43.26353,158.4,10.1,158,8,9280770,"ANNA SMILE","V7MD5",70,198,27,20,12,13.0,"OMAN","04-03 09:00"
"2024-03-29 04:07:29",538002838,12.62787,43.30488,159.1,10.4,155,8,9280770,"ANNA SMILE","V7MD5",70,198,27,20,12,13.0,"OMAN","04-03 09:00"
"2024-03-29 07:25:04",354380000,12.60244,43.41153,299.6,12.5,301,0,9121869,"SIDRA HALIMA","3FCM3",70,92,8,15,3,5.3,"SOKHNA EGYPTIAN CREW","04-03 22:00"
"2024-03-29 08:19:25",354380000,12.75126,43.29910,335.8,12.5,337,0,9121869,"SIDRA HALIMA","3FCM3",70,92,8,15,3,5.3,"SOKHNA EGYPTIAN CREW","04-03 22:00"
"2024-03-29 08:40:07",636023658,12.63763,43.35832,326.0,16.7,334,0,9253296,"SFT EGYPT","A8CI9",70,189,71,12,20,11.9,"CHINESE VESSEL N CRE","03-31 06:00"
"2024-03-29 09:00:21",626319000,12.64678,43.35228,334.4,16.0,337,0,9281011,"ORIENTAL PEARL","TRAY4",80,209,41,23,21,8.5,"PRIMORSK","04-15 15:00"
"2024-03-29 09:12:12",636023658,12.76982,43.29217,335.0,16.1,335,0,9253296,"SFT EGYPT","A8CI9",70,189,71,12,20,11.9,"CHINESE VESSEL N CRE","03-31 06:00"
"2024-03-29 09:20:32",538006239,12.74949,43.25985,154.0,9.5,156,0,9700225,"AL BETROLEYA","V7KY4",80,146,37,12,20,8.5,"ARMED GUARDS ONBOARD","04-03 05:00"
"2024-03-29 10:05:11",538006239,12.63750,43.31294,155.4,9.9,150,0,9700225,"AL BETROLEYA","V7KY4",80,146,37,12,20,8.5,"ARMED GUARDS ONBOARD","04-03 05:00"
"2024-03-29 12:04:58",371988000,12.60557,43.40973,297.0,14.2,300,0,9194983,"DELIVER","3FQG9",80,232,43,24,24,8.5,"CHINESE OWNER","04-03 11:00"
"2024-03-29 15:16:16",422036100,12.61096,43.39786,300.0,14.2,304,0,9167291,"JAIRAN","EPBW2",70,148,26,19,7,9.9,"SUEZ","04-02 22:00"
"2024-03-29 16:01:22",422036100,12.75876,43.29878,334.1,14.0,335,0,9167291,"JAIRAN","EPBW2",70,148,26,19,7,9.9,"SUEZ","04-02 22:00"
"2024-03-29 16:07:22",419001618,12.74020,43.26122,154.0,9.3,156,8,9305635,"SM NEYYAR","VTJU",70,100,0,15,15,10.8,"DJIBOUTI","03-29 12:00"
"2024-03-29 16:34:25",636023365,12.62437,43.37475,303.0,15.1,301,0,9304289,"CRATER","5LNI9",70,199,26,20,12,7.5,"EG SUZ","04-03 02:00"
"2024-03-29 16:49:32",676072000,12.60231,43.40748,301.2,11.8,511,0,8702343,"BARAKAT","5IM887",99,70,5,10,3,4.5,"JEDDAH","06-28 22:00"
"2024-03-29 16:56:41",511100869,12.61840,43.39342,301.0,18.1,300,0,8310542,"MAYSORA","T8A4084",0,148,48,16,12,9.0,"AQABA","04-01 16:00"
"2024-03-29 17:02:01",419001618,12.61422,43.32840,131.0,9.4,135,8,9305635,"SM NEYYAR","VTJU",70,100,0,15,15,10.8,"DJIBOUTI","03-29 12:00"
"2024-03-29 17:02:26",511100869,12.63653,43.37031,320.4,18.4,325,0,8310542,"MAYSORA","T8A4084",0,148,48,16,12,9.0,"AQABA","04-01 16:00"
"2024-03-29 17:03:45",636023365,12.72818,43.31277,334.0,15.0,333,0,9304289,"CRATER","5LNI9",70,199,26,20,12,7.5,"EG SUZ","04-03 02:00"
"2024-03-29 17:04:32",676072000,12.62860,43.36308,304.7,12.4,511,0,8702343,"BARAKAT","5IM887",99,70,5,10,3,4.5,"JEDDAH","06-28 22:00"
"2024-03-29 17:28:12",352003339,12.63228,43.36532,308.7,15.2,323,0,9956018,"SAQR","3E7496",80,199,41,15,29,14.5,"SAYNB","04-01 08:00"
"2024-03-29 17:41:10",626382000,12.72486,43.26949,155.5,9.9,155,0,9312884,"NS COLUMBUS","TRBG5",89,201,43,17,25,14.7,"RUULU-INVAD","04-04 07:00"
"2024-03-29 17:51:35",403536000,12.61167,43.39842,301.3,12.6,301,0,9484730,"NISALAH","HZFF",80,278,55,27,33,20.9,"SAGIZ","03-31 09:30"
"2024-03-29 17:58:52",414550000,12.65899,43.34777,333.3,12.9,335,0,9331749,"KUAI BANG HAI 16","BOSS3",75,160,30,13,19,11.8,"ALL CREW CHINESE","04-01 09:00"
"2024-03-29 18:07:15",403536000,12.64553,43.35088,330.5,13.0,337,0,9484730,"NISALAH","HZFF",80,278,55,27,33,20.9,"SAGIZ","03-31 09:30"
"2024-03-29 18:08:41",422905000,12.60201,43.40892,302.5,16.7,305,0,9270684,"DAISY","EPAK8",79,171,16,14,16,12.0,"EGSUZ","04-02 08:02"
"2024-03-29 18:11:21",626382000,12.65002,43.30517,154.6,9.9,152,0,9312884,"NS COLUMBUS","TRBG5",89,201,43,17,25,14.7,"RUULU-INVAD","04-04 07:00"
"2024-03-29 18:14:12",414550000,12.70841,43.32406,334.5,12.7,334,0,9331749,"KUAI BANG HAI 16","BOSS3",75,160,30,13,19,11.8,"ALL CREW CHINESE","04-01 09:00"
"2024-03-29 19:02:18",624019000,12.60308,43.40239,302.4,15.5,305,0,9617363,"GAMBELLA","ETGM",70,150,16,10,17,6.3,"MASSAWA","03-31 02:00"
"2024-03-29 19:18:16",403521001,12.73137,43.26404,154.2,11.9,156,0,9620956,"BAHRI HOFUF","HZEM",79,137,87,9,23,7.5,"CNSGH","04-14 21:00"
"2024-03-29 19:31:20",563088400,12.61452,43.39458,302.2,13.4,301,0,9599767,"INCE BEYLERBEYI","9V6435",70,171,28,9,23,12.5,"SALEEF/YEMEN","03-30 19:00"
"2024-03-29 19:43:46",636016824,12.61182,43.39773,299.0,14.7,300,0,9376309,"GEMINI","D5HZ3",70,165,25,21,11,11.4,"ARM GUARDS ONBOARD","04-03 10:00"
"2024-03-29 20:03:26",403521001,12.59959,43.33514,115.8,12.5,123,0,9620956,"BAHRI HOFUF","HZEM",79,137,87,9,23,7.5,"CNSGH","04-14 21:00"
"2024-03-29 20:05:01",563088400,12.71830,43.31938,334.3,14.2,332,0,9599767,"INCE BEYLERBEYI","9V6435",70,171,28,9,23,12.5,"SALEEF/YEMEN","03-30 19:00"
"2024-03-29 20:05:19",636016824,12.67553,43.33687,335.0,15.5,337,0,9376309,"GEMINI","D5HZ3",70,165,25,21,11,11.4,"ARM GUARDS ONBOARD","04-03 10:00"
"2024-03-29 20:47:26",215882000,12.61140,43.39781,299.2,16.1,300,0,9479034,"MALTEZA","9HA5349",70,162,28,19,13,6.1,"ARMED GUARDS ONBOARD","03-22 14:00"
"2024-03-29 21:12:48",215882000,12.70091,43.32598,334.0,15.8,334,0,9479034,"MALTEZA","9HA5349",70,162,28,19,13,6.1,"ARMED GUARDS ONBOARD","03-22 14:00"
"2024-03-29 21:13:02",626368000,12.62771,43.37262,306.9,17.1,313,0,9511521,"MOSKOVSKY PROSPECT","TRBE7",89,209,41,24,20,9.0,"ARMED GUARDS ONBOARD","04-17 23:00"
"2024-03-29 21:14:41",636015594,12.70061,43.27552,154.8,8.7,156,0,9595395,"DELTA","D5BS6",70,149,31,20,10,10.1,"AEJEA","04-07 06:00"
"2024-03-29 21:34:35",636022303,12.62677,43.37307,303.0,17.3,302,0,9242223,"SHUN TAI","5LIC9",80,207,40,18,24,8.7,"ARM O/B CN CW/NO ISR","04-03 12:00"
"2024-03-29 21:59:08",261017380,12.63537,43.26367,352.8,6.6,511,15,0,"WARUNA","SPG3326",37,12,1,1,3,0.0,"B 2 A",""
"2024-03-29 22:01:16",636015594,12.60275,43.33313,118.8,9.3,124,0,9595395,"DELTA","D5BS6",70,149,31,20,10,10.1,"AEJEA","04-07 06:00"
"2024-03-29 22:04:41",636022303,12.75402,43.30016,337.0,17.1,337,0,9242223,"SHUN TAI","5LIC9",80,207,40,18,24,8.7,"ARM O/B CN CW/NO ISR","04-03 12:00"
"2024-03-29 22:29:38",261017380,12.69524,43.24047,346.8,7.8,511,15,0,"WARUNA","SPG3326",37,12,1,1,3,0.0,"B 2 A",""
"2024-03-29 22:39:33",352002791,12.74607,43.25756,156.2,7.5,160,0,9383950,"ELEGANCE","3E5080",80,203,41,27,15,14.7,"RUNVS>INSIK","04-04 16:30"
"2024-03-29 23:05:19",572142220,12.60795,43.40310,299.0,14.5,300,0,9273636,"SPICA","T2ER5",89,149,34,9,23,11.0,"EGSZC","04-04 10:00"
"2024-03-29 23:11:03",352002791,12.68407,43.28630,153.9,7.9,154,0,9383950,"ELEGANCE","3E5080",80,203,41,27,15,14.7,"RUNVS>INSIK","04-04 16:30"
"2024-03-29 23:17:45",352002679,12.73391,43.26716,156.5,8.6,158,0,9368223,"ACHILLES","3E4993",80,203,42,19,23,14.9,"FOR ORDER","04-04 15:00"
"2024-03-29 23:58:55",248376000,12.71415,43.27444,154.8,8.8,157,0,9805659,"GENOA","9HA4627",70,174,26,12,20,12.9,"ARMED GUARD ONBOARD","04-07 20:00"
"2024-03-30 00:00:13",352002791,12.59402,43.34829,118.4,8.3,123,0,9383950,"ELEGANCE","3E5080",80,203,41,27,15,14.7,"RUNVS>INSIK","04-04 16:30"
"2024-03-30 00:02:56",352002679,12.63087,43.31132,156.1,9.1,151,0,9368223,"ACHILLES","3E4993",80,203,42,19,23,14.9,"FOR ORDER","04-04 15:00"
"2024-03-30 00:07:05",248376000,12.69564,43.28259,157.7,8.9,157,0,9805659,"GENOA","9HA4627",70,174,26,12,20,12.9,"ARMED GUARD ONBOARD","04-07 20:00"
"2024-03-30 01:07:55",248376000,12.57669,43.37872,119.6,10.0,121,0,9805659,"GENOA","9HA4627",70,174,26,12,20,12.9,"ARMED GUARD ONBOARD","04-07 20:00"
"2024-03-30 01:21:30",314514000,12.61439,43.38898,302.0,9.0,304,0,9179347,"PRINCESS HALIMA","8PAW3",80,141,35,19,10,9.5,"HODEIDAH","01-04 06:00"
"2024-03-30 02:05:03",341264001,12.68333,43.28452,154.6,11.2,249,0,9167057,"MAYAR","V4LK5",70,16,87,3,14,5.4,"BOSASO","03-31 07:00"
"2024-03-30 02:05:53",314514000,12.69401,43.32631,337.0,7.6,339,0,9179347,"PRINCESS HALIMA","8PAW3",80,141,35,19,10,9.5,"HODEIDAH","01-04 06:00"
"2024-03-30 02:06:10",352001571,12.75535,43.26191,155.8,9.2,156,0,9287780,"ETERNAL BRIGHT","3E3477",70,192,33,19,13,12.8,"CHINA SHIP/CREW","04-13 08:00"
"2024-03-30 02:08:48",352001450,12.75059,43.24994,155.8,9.7,154,0,9757345,"SILK SPIRIT","3E2471",70,169,10,19,9,7.4,"CHINA NO CONTACT ISL","04-11 12:00"
"2024-03-30 02:58:49",630001116,12.75748,43.25082,157.0,10.0,157,0,9273442,"PIER","J5AN6",80,193,35,13,19,12.8,"JEBEL ALI","05-04 06:00"
"2024-03-30 03:00:49",630001116,12.75235,43.25307,157.0,10.0,157,0,9273442,"PIER","J5AN6",80,193,35,13,19,12.8,"JEBEL ALI","05-04 06:00"
"2024-03-30 03:01:07",352001571,12.61913,43.31572,153.0,9.8,144,0,9287780,"ETERNAL BRIGHT","3E3477",70,192,33,19,13,12.8,"CHINA SHIP/CREW","04-13 08:00"
"2024-03-30 03:03:36",352001450,12.60690,43.31225,137.8,10.0,129,0,9757345,"SILK SPIRIT","3E2471",70,169,10,19,9,7.4,"CHINA NO CONTACT ISL","04-11 12:00"
"2024-03-30 04:03:30",341139000,12.61501,43.39569,301.0,10.4,303,0,8222111,"GREENLAND","V4KT4",70,89,66,12,13,8.0,"PORT SUEZ","04-04 08:00"
"2024-03-30 04:06:34",630001116,12.59488,43.34570,121.0,10.3,120,0,9273442,"PIER","J5AN6",80,193,35,13,19,12.8,"JEBEL ALI","05-04 06:00"
"2024-03-30 04:49:26",314648000,12.74322,43.25642,157.6,7.3,159,0,9438250,"ALMA MARINE","8PBM7",80,81,37,14,5,8.0,"SOBBO","03-30 22:00"
"2024-03-30 05:09:49",271043241,12.72597,43.26080,157.0,9.1,158,0,9108257,"DENAK VOYAGER","TCUX2",70,192,32,13,19,13.8,"INPRT\ARMED GUARDS","04-10 17:00"
"2024-03-30 05:10:47",341139000,12.75997,43.30013,339.3,10.3,339,0,8222111,"GREENLAND","V4KT4",70,89,66,12,13,8.0,"PORT SUEZ","04-04 08:00"
"2024-03-30 05:44:45",538009719,12.72085,43.27072,154.7,7.8,153,0,9506540,"SAFEEN PRIDE","V7A5082",71,0,161,0,25,10.1,"DJIBOUTI(ARM GUARDS)","03-30 20:30"
"2024-03-30 05:45:48",314648000,12.63980,43.29683,155.5,6.6,149,0,9438250,"ALMA MARINE","8PBM7",80,81,37,14,5,8.0,"SOBBO","03-30 22:00"
"2024-03-30 06:10:32",271043241,12.59937,43.35052,120.0,9.4,117,0,9108257,"DENAK VOYAGER","TCUX2",70,192,32,13,19,13.8,"INPRT\ARMED GUARDS","04-10 17:00"
"2024-03-30 06:17:14",538009719,12.65501,43.30173,155.3,7.8,148,0,9506540,"SAFEEN PRIDE","V7A5082",71,0,161,0,25,10.1,"DJIBOUTI(ARM GUARDS)","03-30 20:30"
"2024-03-30 07:11:00",477231800,12.61748,43.38439,301.0,12.6,301,0,9813058,"SAMC SWAN","VRSC7",1,96,24,4,15,7.6,"EGSUZ","04-03 09:00"
"2024-03-30 10:25:42",626391000,12.63229,43.36120,312.8,15.6,321,0,9339325,"NS LAGUNA","TRBH6",89,209,40,6,38,8.0,"RUSSIAN CREW /ARM GU","04-03 09:00"
"2024-03-30 11:12:01",312417000,12.63060,43.36333,307.5,15.8,309,0,9159737,"CAPE SCOTT","V3WM2",79,151,25,17,9,6.3,"BEIRUT","04-05 11:00"
"2024-03-30 12:06:57",538009462,12.72834,43.26693,153.8,8.5,152,0,9405071,"CAPE RAY","V7QS6",70,250,42,23,22,18.2,"CN QDG ALL CHINESE","04-25 00:00"
"2024-03-30 12:07:32",352003328,12.74338,43.26331,154.4,8.8,148,0,9284245,"HARVEST LEGACY","3E7486",70,163,27,21,11,12.0,"ARMEDGUARD ONBOARD","04-07 01:00"
"2024-03-30 12:53:14",565425000,12.60373,43.39437,298.0,20.0,299,0,9342700,"WAN HAI 316","9VKB5",70,171,42,16,16,12.1,"JEDDAH","04-01 05:30"
"2024-03-30 12:55:11",314784000,12.60968,43.41143,299.0,15.5,300,0,9438614,"POLAR LADY","8PRO4",79,200,25,22,10,7.3,"ARM GUARD/RUS CREW","04-03 12:00"
"2024-03-30 13:01:16",314784000,12.62333,43.38742,300.0,15.9,300,0,9438614,"POLAR LADY","8PRO4",79,200,25,22,10,7.3,"ARM GUARD/RUS CREW","04-03 12:00"
"2024-03-30 13:01:42",565425000,12.63417,43.35785,333.0,19.9,336,0,9342700,"WAN HAI 316","9VKB5",70,171,42,16,16,12.1,"JEDDAH","04-01 05:30"
"2024-03-30 13:03:16",538009462,12.60610,43.32818,121.1,7.8,119,0,9405071,"CAPE RAY","V7QS6",70,250,42,23,22,18.2,"CN QDG ALL CHINESE","04-25 00:00"
"2024-03-30 13:03:52",352003328,12.61694,43.31394,149.7,8.7,143,0,9284245,"HARVEST LEGACY","3E7486",70,163,27,21,11,12.0,"ARMEDGUARD ONBOARD","04-07 01:00"
"2024-03-30 13:58:31",636016988,12.61813,43.38650,299.0,15.0,299,0,9323895,"EGE-M","D5IS9",70,161,29,21,12,5.7,"EG SUZ","04-04 04:00"
"2024-03-30 14:06:27",636016988,12.63567,43.35753,315.0,14.6,328,0,9323895,"EGE-M","D5IS9",70,161,29,21,12,5.7,"EG SUZ","04-04 04:00"
"2024-03-30 14:35:59",636021002,12.62319,43.37354,300.1,17.7,304,0,9354167,"HAKUNA MATATA","5LBT7",79,224,80,27,13,14.0,"ARMED GUARD ON BOARD","04-02 20:00"
"2024-03-30 14:59:07",352003056,12.56067,43.33422,301.8,16.5,301,0,9388780,"KHALISSA","3E6604",89,203,42,9,33,14.8,"INDIA TO RUSSIA","04-03 23:00"
"2024-03-30 15:06:10",636021002,12.75209,43.30184,334.9,17.8,335,0,9354167,"HAKUNA MATATA","5LBT7",79,224,80,27,13,14.0,"ARMED GUARD ON BOARD","04-02 20:00"
"2024-03-30 15:06:12",352003056,12.57783,43.30617,302.0,16.3,301,0,9388780,"KHALISSA","3E6604",89,203,42,9,33,14.8,"INDIA TO RUSSIA","04-03 23:00"
"2024-03-30 16:07:52",538010487,12.56977,43.34239,300.0,15.0,299,0,9332640,"CHRYSTAL ARCTIC","V7A6108",89,193,35,20,12,8.5,"AIN SUKHNA EGYPT","04-02 09:00"
"2024-03-30 17:24:19",636022405,12.59645,43.33232,112.5,9.8,116,0,9297369,"URSUS ARCTOS","5LIP9",80,223,28,28,16,13.8,"EGPSD-INSIK","04-05 13:00"
"2024-03-30 18:15:48",636021289,12.69294,43.28373,159.6,10.5,156,0,9238698,"MARSA ZENITH","5LDF3",79,145,16,5,20,8.1,"DJIBOUTI","03-30 16:00"
"2024-03-30 18:52:51",511100897,12.74158,43.26382,156.0,8.2,157,0,9253909,"JAMES II","T8A4118",89,231,41,23,23,17.1,"QINGDAO","04-25 12:00"
"2024-03-30 19:12:08",511100897,12.70147,43.28175,156.0,7.9,155,0,9253909,"JAMES II","T8A4118",89,231,41,23,23,17.1,"QINGDAO","04-25 12:00"
"2024-03-30 19:39:03",352002063,12.73446,43.26344,156.2,8.4,158,0,9321677,"DAPHNE V","3E3751",80,209,41,18,26,14.0,"INSIK","04-05 16:30"
"2024-03-30 20:01:50",511100897,12.60808,43.33663,123.0,7.7,125,0,9253909,"JAMES II","T8A4118",89,231,41,23,23,17.1,"QINGDAO","04-25 12:00"
"2024-03-30 20:02:35",352002063,12.68123,43.28551,158.7,8.3,158,0,9321677,"DAPHNE V","3E3751",80,209,41,18,26,14.0,"INSIK","04-05 16:30"
"2024-03-30 20:53:50",626395000,12.63749,43.36151,306.1,17.0,311,0,9339337,"NS LOTUS","TRBI2",80,215,34,29,15,8.7,"AST ON BOARD","04-03 20:30"
"2024-03-30 22:12:19",441946000,12.62567,43.35885,286.8,13.7,278,0,9586758,"MEGA CARAVAN 2","DSMZ7",90,10,154,19,28,5.2,"NO RELATION ISRAEL","04-05 00:50"
"2024-03-30 22:22:27",636021674,12.62364,43.36291,298.9,15.8,299,0,9597111,"LILA CHENNAI","5LFD6",70,166,30,16,16,7.2,"ARMED GUARDS ONBOARD","04-04 10:00"
"2024-03-30 23:42:40",229069000,12.72298,43.27018,155.9,8.7,157,0,9633446,"NOVO","9HA3042",80,232,42,28,22,15.1,"INMUM","04-05 22:30"
"2024-03-31 00:04:50",229069000,12.67253,43.29323,155.8,9.0,154,0,9633446,"NOVO","9HA3042",80,232,42,28,22,15.1,"INMUM","04-05 22:30"
"2024-03-31 00:06:14",268238202,12.75552,43.25462,156.0,6.6,160,0,9278739,"OSLEEN","T7AG6",70,150,25,14,14,10.3,"DJ JIB","03-31 12:00"
"2024-03-31 01:10:53",268238202,12.63718,43.30533,155.0,7.6,152,0,9278739,"OSLEEN","T7AG6",70,150,25,14,14,10.3,"DJ JIB","03-31 12:00"
"2024-03-31 01:27:38",636021875,12.60578,43.40620,299.3,13.4,300,0,9399557,"PANAMAX OSTRIA","5LGC8",70,192,33,25,7,7.1,"MINASACRE","03-29 19:30"
"2024-03-31 01:30:06",613003410,12.60280,43.38957,300.1,16.3,301,0,9229374,"ODUNE","TJMC148",80,230,43,15,35,9.3,"SUEZ, EGYPT","04-04 10:00"
"2024-03-31 01:56:29",636020910,12.60028,43.40234,300.6,15.6,303,0,9292125,"KONRAD","5LBI2",71,153,22,14,13,11.1,"SUEZ","04-03 10:00"
"2024-03-31 01:56:32",626409000,12.63767,43.36391,313.7,14.1,320,0,9422457,"SCF BAIKAL","TRBJ8",89,228,47,33,15,9.3,"CN HUI>RUS FOR ORDER","04-03 23:00"
"2024-03-31 01:58:19",256596000,12.62358,43.37104,299.7,14.2,301,0,9518115,"FANEROMENI","9HA5898",70,203,26,22,10,8.3,"ARMED GUARDS ONBOARD","04-04 06:00"
"2024-03-31 01:58:32",518998800,12.73199,43.26752,156.5,10.0,155,0,9408205,"FAST KATHY","E5U4780",80,228,46,14,34,15.7,"CHENNAI","04-09 10:30"
"2024-03-31 02:00:01",626409000,12.64849,43.35565,329.6,13.8,336,0,9422457,"SCF BAIKAL","TRBJ8",89,228,47,33,15,9.3,"CN HUI>RUS FOR ORDER","04-03 23:00"
"2024-03-31 02:00:07",613003410,12.70829,43.31388,338.5,15.7,339,0,9229374,"ODUNE","TJMC148",80,230,43,15,35,9.3,"SUEZ, EGYPT","04-04 10:00"
"2024-03-31 02:00:13",256596000,12.62729,43.36435,298.8,14.2,304,0,9518115,"FANEROMENI","9HA5898",70,203,26,22,10,8.3,"ARMED GUARDS ONBOARD","04-04 06:00"
"2024-03-31 02:00:21",518998800,12.72729,43.26960,156.4,10.0,155,0,9408205,"FAST KATHY","E5U4780",80,228,46,14,34,15.7,"CHENNAI","04-09 10:30"
"2024-03-31 02:00:53",636020910,12.61001,43.38538,299.8,15.6,302,0,9292125,"KONRAD","5LBI2",71,153,22,14,13,11.1,"SUEZ","04-03 10:00"
"2024-03-31 02:02:04",636021875,12.70190,43.32556,333.5,13.0,333,0,9399557,"PANAMAX OSTRIA","5LGC8",70,192,33,25,7,7.1,"MINASACRE","03-29 19:30"
"2024-03-31 02:31:07",636021809,12.67782,43.33698,339.0,14.7,338,0,9223916,"LISBON","5LFU3",80,122,21,12,12,6.0,"CHN VSL,CHN CREW","04-03 12:00"
"2024-03-31 02:50:54",511101128,12.60446,43.41041,305.1,14.8,305,0,9283291,"TIBURON","T8A4393",89,200,44,32,10,9.1,"SUEZ","04-04 22:00"
"2024-03-31 03:12:10",511101128,12.65679,43.34311,329.9,13.9,336,0,9283291,"TIBURON","T8A4393",89,200,44,32,10,9.1,"SUEZ","04-04 22:00"
"2024-03-31 03:57:22",563174500,12.63848,43.36144,328.6,10.9,333,0,9354844,"INCE BOSPHORUS","9V8523",70,201,28,11,21,7.3,"TR YAL","04-08 08:00"
"2024-03-31 04:17:06",563174500,12.69285,43.33453,332.8,11.2,333,0,9354844,"INCE BOSPHORUS","9V8523",70,201,28,11,21,7.3,"TR YAL","04-08 08:00"
"2024-03-31 04:20:21",477150700,12.75255,43.25988,155.0,13.2,158,0,9359715,"XIN XIN TIAN 2","VRRM6",70,153,47,16,16,8.2,"CHINESE SHIP / CREW","04-17 16:00"
"2024-03-31 05:03:15",477150700,12.60763,43.32602,136.0,12.6,125,0,9359715,"XIN XIN TIAN 2","VRRM6",70,153,47,16,16,8.2,"CHINESE SHIP / CREW","04-17 16:00"
"2024-03-31 05:19:34",215706000,12.69630,43.28133,155.6,11.2,155,0,9461283,"BESIKTAS AZERBAIJAN","9HA5254",70,245,45,20,25,16.8,"TURKISH CREW&A.GUARD","04-06 18:00"
"2024-03-31 05:52:20",636016697,12.74583,43.25693,157.8,10.3,159,0,9497622,"NEW VENTURE","D5HI5",70,200,29,9,23,14.2,"ARMED GUARD ON BOARD","04-13 00:30"
"2024-03-31 06:21:28",636016697,12.66833,43.29167,155.0,10.0,511,0,9497622,"NEW VENTURE","D5HI5",70,200,29,9,23,14.2,"ARMED GUARD ON BOARD","04-13 00:30"
"2024-03-31 07:50:01",574005230,12.75574,43.25338,153.0,9.7,152,0,9227443,"INNOVA","XVIU7",80,236,38,25,25,16.6,"VSLNO CONTACT ISRAEL","04-05 09:00"
"2024-03-31 08:01:20",574005230,12.72826,43.26787,152.9,9.7,152,0,9227443,"INNOVA","XVIU7",80,236,38,25,25,16.6,"VSLNO CONTACT ISRAEL","04-05 09:00"
"2024-03-31 08:27:03",671742000,12.75609,43.25658,155.2,6.5,511,0,7607417,"HAJH GHSN J","5VEC7",70,64,18,6,9,4.5,"BERBERA","03-30 12:00"
"2024-03-31 08:46:41",538010010,12.73860,43.26088,160.0,10.3,161,0,9345805,"STAR AQUA","V7A5462",70,245,44,20,25,17.9,"SGSIN ARMED GUARD OB","04-15 01:00"
"2024-03-31 08:55:17",374239000,12.63261,43.30182,143.1,11.3,139,0,9187320,"NZ NINGBO","3FBY",70,157,43,10,21,10.5,"IN NSA CREW CHINESE","04-05 14:30"
"2024-03-31 09:58:24",538010010,12.57495,43.37653,118.0,10.2,118,0,9345805,"STAR AQUA","V7A5462",70,245,44,20,25,17.9,"SGSIN ARMED GUARD OB","04-15 01:00"
"2024-03-31 10:27:56",671742000,12.57570,43.35972,121.2,6.7,511,0,7607417,"HAJH GHSN J","5VEC7",70,64,18,6,9,4.5,"BERBERA","03-30 12:00"
"2024-03-31 10:53:02",304288000,12.72886,43.27150,154.9,10.5,153,0,9253260,"CENTURY MAS","V2OJ1",70,109,11,10,10,5.5,"","04-07 00:00"
"2024-03-31 11:06:01",304288000,12.69418,43.28824,154.7,10.8,154,0,9253260,"CENTURY MAS","V2OJ1",70,109,11,10,10,5.5,"","04-07 00:00"
"2024-03-31 11:56:47",636016168,12.75515,43.25471,157.5,8.8,157,0,9628099,"MASTER","D5EU3",70,198,31,6,26,13.5,"SINGAPORE","04-15 03:00"
"2024-03-31 12:18:20",563151500,12.73135,43.26551,156.9,8.6,154,0,9262572,"EA BLUE NILE","9V7883",70,175,13,14,13,9.7,"ADEN","04-01 04:00"
"2024-03-31 12:19:25",636016168,12.70255,43.27731,154.6,9.2,154,0,9628099,"MASTER","D5EU3",70,198,31,6,26,13.5,"SINGAPORE","04-15 03:00"
"2024-03-31 12:47:13",563088200,12.75773,43.25957,157.0,10.0,156,0,9436733,"INCE EGE","9V5908",79,160,30,8,24,10.8,"JO AQJ > SG SIN","04-14 23:00"
"2024-03-31 13:02:23",563088200,12.71787,43.27560,159.0,10.3,157,0,9436733,"INCE EGE","9V5908",79,160,30,8,24,10.8,"JO AQJ > SG SIN","04-14 23:00"
"2024-03-31 13:05:25",636016168,12.60131,43.34124,119.7,8.8,117,0,9628099,"MASTER","D5EU3",70,198,31,6,26,13.5,"SINGAPORE","04-15 03:00"
"2024-03-31 13:10:50",563151500,12.61394,43.32618,153.6,8.4,146,0,9262572,"EA BLUE NILE","9V7883",70,175,13,14,13,9.7,"ADEN","04-01 04:00"
"2024-03-31 13:48:14",636022944,12.72427,43.27071,155.5,10.1,154,0,9292826,"PIONEER","5LLE5",80,162,38,15,17,9.1,"DJIBOUTI","03-31 14:00"
"2024-03-31 14:01:03",636022944,12.69100,43.28623,153.1,10.3,149,0,9292826,"PIONEER","5LLE5",80,162,38,15,17,9.1,"DJIBOUTI","03-31 14:00"
"2024-03-31 14:02:50",563088200,12.58092,43.37058,122.0,9.9,121,0,9436733,"INCE EGE","9V5908",79,160,30,8,24,10.8,"JO AQJ > SG SIN","04-14 23:00"
"2024-03-31 15:26:53",352002665,12.74493,43.25662,159.0,10.6,157,0,9340506,"ELIM JOYCE","3E4987",70,170,20,16,16,10.3,"ALL CHINA CREW&OWNER","04-22 19:00"
"2024-03-31 15:43:08",671882000,12.61708,43.38709,301.9,12.6,297,0,7504158,"TRUST 1","5VEV4",70,65,17,7,6,4.6,"JEDDAH","04-03 05:00"
"2024-03-31 16:02:40",352002665,12.64857,43.30132,156.0,10.2,152,0,9340506,"ELIM JOYCE","3E4987",70,170,20,16,16,10.3,"ALL CHINA CREW&OWNER","04-22 19:00"
"2024-03-31 16:05:07",671882000,12.67600,43.33939,333.9,12.5,332,0,7504158,"TRUST 1","5VEV4",70,65,17,7,6,4.6,"JEDDAH","04-03 05:00"
"2024-03-31 16:20:30",271043022,12.75189,43.26573,159.9,10.9,159,0,9581007,"DUZGIT ENDEAVOUR","TCTW2",80,127,29,5,17,8.7,"TURKISH CRW ARMEDGOB","04-05 17:00"
"2024-03-31 17:07:48",271043022,12.62120,43.31717,157.8,9.9,155,0,9581007,"DUZGIT ENDEAVOUR","TCTW2",80,127,29,5,17,8.7,"TURKISH CRW ARMEDGOB","04-05 17:00"
"2024-03-31 17:12:30",626313000,12.75711,43.25097,156.4,11.6,154,0,9293002,"JAGUAR","TRAX6",80,210,34,23,19,14.7,"INMUN NO ISRAEL CONT","04-06 23:00"
"2024-03-31 17:51:51",241501000,12.75233,43.24585,157.2,13.4,152,0,9753557,"RELIABLE WARRIOR","SVCP4",80,226,48,21,27,15.6,"IN BOM","04-07 09:30"
"2024-03-31 17:55:44",373638000,12.74067,43.26107,156.0,10.9,151,0,9282912,"AFRAMAX RIVIERA","3EUK2",80,227,20,36,6,8.3,"AE FJR","04-06 08:00"
"2024-03-31 17:56:39",538010108,12.62702,43.37475,302.3,12.3,302,0,9635690,"HORUS","V7A5611",79,192,37,9,23,13.8,"ARM GUARD ONBOARD","04-05 09:30"
"2024-03-31 17:59:45",312513000,12.75985,43.25763,157.0,11.1,154,0,9282522,"BAXTER","V3TF5",80,147,33,22,22,11.0,"MUNDRA","04-07 11:00"
"2024-03-31 18:00:12",626313000,12.62036,43.31723,156.5,11.0,152,0,9293002,"JAGUAR","TRAX6",80,210,34,23,19,14.7,"INMUN NO ISRAEL CONT","04-06 23:00"
"2024-03-31 18:01:49",373638000,12.72382,43.27014,151.0,10.6,151,0,9282912,"AFRAMAX RIVIERA","3EUK2",80,227,20,36,6,8.3,"AE FJR","04-06 08:00"
"2024-03-31 18:02:24",538010108,12.63804,43.35773,311.3,12.3,319,0,9635690,"HORUS","V7A5611",79,192,37,9,23,13.8,"ARM GUARD ONBOARD","04-05 09:30"
"2024-03-31 18:03:52",241501000,12.71556,43.26400,153.8,13.0,153,0,9753557,"RELIABLE WARRIOR","SVCP4",80,226,48,21,27,15.6,"IN BOM","04-07 09:30"
"2024-03-31 18:07:29",312513000,12.73818,43.26675,156.0,11.1,154,0,9282522,"BAXTER","V3TF5",80,147,33,22,22,11.0,"MUNDRA","04-07 11:00"
"2024-03-31 18:48:29",305099000,12.73283,43.26236,153.5,11.2,154,0,9236016,"VISION","V2YS4",80,232,42,29,19,15.4,"26 TURKISH 3 SECURIT","04-04 07:00"
"2024-03-31 19:00:13",312513000,12.59948,43.33520,122.0,10.1,121,0,9282522,"BAXTER","V3TF5",80,147,33,22,22,11.0,"MUNDRA","04-07 11:00"
"2024-03-31 19:00:54",241501000,12.57336,43.36550,118.5,12.3,117,0,9753557,"RELIABLE WARRIOR","SVCP4",80,226,48,21,27,15.6,"IN BOM","04-07 09:30"
"2024-03-31 19:02:26",373638000,12.58522,43.36388,121.0,10.0,119,0,9282912,"AFRAMAX RIVIERA","3EUK2",80,227,20,36,6,8.3,"AE FJR","04-06 08:00"
"2024-03-31 19:03:39",305099000,12.69045,43.28303,154.8,10.9,154,0,9236016,"VISION","V2YS4",80,232,42,29,19,15.4,"26 TURKISH 3 SECURIT","04-04 07:00"
"2024-03-31 20:35:28",621819050,12.75289,43.24733,152.1,7.6,155,0,9359105,"AFRICA SUN","J2JH",70,98,50,16,8,8.5,"DJJIB","04-01 01:00"
"2024-03-31 21:37:50",630001024,12.67576,43.28585,156.9,5.8,151,8,7614848,"HELEN","J5AC9",79,64,16,7,6,4.8,"BERBERA","04-01 06:00"
"2024-03-31 22:10:21",314735000,12.66523,43.29789,155.1,6.3,152,0,9235969,"PROFESSOR WENGER","8PKO6",70,145,24,13,15,10.0,"DUMAI - SYRIAN CREW","04-15 06:00"
"2024-03-31 22:13:02",371412000,12.69815,43.32297,335.5,15.7,336,0,9529645,"SUN 9","3EYR7",89,120,26,17,7,9.3,"ARM GUARDS ON BOARD","04-05 02:00"
"2024-03-31 22:20:31",630001024,12.61722,43.31561,151.1,5.7,145,8,7614848,"HELEN","J5AC9",79,64,16,7,6,4.8,"BERBERA","04-01 06:00"
"2024-03-31 23:02:32",314735000,12.59620,43.35789,123.8,6.9,123,0,9235969,"PROFESSOR WENGER","8PKO6",70,145,24,13,15,10.0,"DUMAI - SYRIAN CREW","04-15 06:00"
"2024-03-31 23:05:42",215453000,12.75713,43.25122,154.0,8.3,157,0,9491173,"KIRAN AFRICA","9HA2734",70,197,32,22,10,13.4,"KRINC","04-24 13:00"
